order_id,user_id,order_date,order_status
1,1,2024-03-12,CANCELLED
2,2,2023-09-23,DELIVERED
3,2,2023-07-18,DELIVERED
4,3,2024-12-26,DELIVERED
5,4,2023-12-07,DELIVERED
6,4,2023-04-16,DELIVERED
7,4,2022-04-23,DELIVERED
8,5,2024-07-19,DELIVERED
9,5,2024-07-26,DELIVERED
10,5,2024-10-29,DELIVERED
11,5,2024-06-07,DELIVERED
12,5,2024-07-19,DELIVERED
13,6,2024-11-03,DELIVERED
14,7,2024-06-02,DELIVERED
15,8,2024-11-28,DELIVERED
16,9,2023-06-12,DELIVERED
17,10,2024-08-01,DELIVERED
18,10,2024-07-31,DELIVERED
19,10,2024-01-20,DELIVERED
20,11,2023-03-18,DELIVERED
21,12,2023-07-04,DELIVERED
22,13,2024-02-23,CANCELLED
23,13,2024-08-23,DELIVERED
24,13,2024-02-06,DELIVERED
25,13,2022-04-20,DELIVERED
26,13,2023-06-10,DELIVERED
27,14,2023-05-11,DELIVERED
28,15,2024-12-31,DELIVERED
29,16,2023-03-07,DELIVERED
30,16,2023-09-13,DELIVERED
31,16,2024-05-31,DELIVERED
32,16,2024-02-10,DELIVERED
33,16,2023-05-06,DELIVERED
34,17,2022-09-28,CANCELLED
35,18,2024-01-09,CANCELLED
36,18,2024-05-30,DELIVERED
37,18,2024-04-15,DELIVERED
38,19,2021-12-18,DELIVERED
39,19,2024-07-11,DELIVERED
40,19,2021-08-19,DELIVERED
41,19,2023-08-04,DELIVERED
42,19,2023-05-05,DELIVERED
43,20,2024-08-27,DELIVERED
44,21,2024-02-29,DELIVERED
45,22,2024-11-28,DELIVERED
46,23,2024-12-16,DELIVERED
47,23,2024-11-08,CANCELLED
48,23,2024-10-25,DELIVERED
49,24,2023-11-27,DELIVERED
50,25,2024-06-05,DELIVERED
51,25,2022-12-30,DELIVERED
52,25,2024-08-26,DELIVERED
53,26,2024-12-03,DELIVERED
54,27,2021-08-03,DELIVERED
55,28,2022-07-20,DELIVERED
56,28,2024-02-24,DELIVERED
57,29,2022-12-15,DELIVERED
58,30,2024-08-12,DELIVERED
59,30,2024-10-15,DELIVERED
60,31,2022-12-28,DELIVERED
61,32,2022-08-02,DELIVERED
62,32,2022-08-23,DELIVERED
63,33,2024-10-30,DELIVERED
64,33,2024-12-25,DELIVERED
65,33,2024-09-03,DELIVERED
66,34,2024-08-02,DELIVERED
67,35,2023-08-05,DELIVERED
68,36,2024-10-25,DELIVERED
69,37,2023-08-12,DELIVERED
70,37,2021-10-26,DELIVERED
71,37,2024-12-12,DELIVERED
72,37,2024-05-13,DELIVERED
73,37,2024-05-16,DELIVERED
74,38,2024-06-27,DELIVERED
75,39,2021-12-02,DELIVERED
76,39,2022-08-15,DELIVERED
77,39,2021-07-14,DELIVERED
78,39,2022-10-20,DELIVERED
79,39,2021-07-04,DELIVERED
80,40,2024-09-22,DELIVERED
81,40,2024-04-18,DELIVERED
82,40,2024-03-24,DELIVERED
83,41,2024-12-20,DELIVERED
84,42,2024-05-09,DELIVERED
85,43,2023-07-29,DELIVERED
86,43,2024-02-14,DELIVERED
87,43,2024-04-03,DELIVERED
88,44,2021-12-19,DELIVERED
89,45,2024-10-19,DELIVERED
90,46,2024-04-23,DELIVERED
91,46,2023-03-13,DELIVERED
92,46,2022-03-08,DELIVERED
93,46,2023-03-25,DELIVERED
94,46,2022-05-05,CANCELLED
95,47,2024-08-01,DELIVERED
96,47,2024-02-20,DELIVERED
97,47,2024-08-11,DELIVERED
98,47,2024-10-31,DELIVERED
99,47,2024-10-29,DELIVERED
100,48,2022-12-21,DELIVERED
101,48,2023-09-07,DELIVERED
102,49,2024-11-26,DELIVERED
103,50,2022-04-23,DELIVERED
104,51,2022-02-24,CANCELLED
105,52,2021-06-16,DELIVERED
106,53,2022-06-23,DELIVERED
107,53,2021-10-08,DELIVERED
108,53,2022-08-16,DELIVERED
109,54,2024-09-16,DELIVERED
110,54,2023-11-15,DELIVERED
111,55,2024-10-07,DELIVERED
112,56,2024-12-16,DELIVERED
113,57,2024-11-09,DELIVERED
114,58,2024-02-19,DELIVERED
115,58,2024-06-03,DELIVERED
116,59,2022-08-13,DELIVERED
117,60,2024-09-03,DELIVERED
118,61,2024-04-16,CANCELLED
119,62,2024-08-15,DELIVERED
120,63,2021-05-05,CANCELLED
121,64,2024-05-08,DELIVERED
122,64,2024-06-25,DELIVERED
123,64,2024-04-06,DELIVERED
124,65,2024-06-16,DELIVERED
125,65,2023-10-24,DELIVERED
126,66,2024-07-27,DELIVERED
127,67,2024-08-25,DELIVERED
128,67,2024-06-17,DELIVERED
129,67,2024-07-13,DELIVERED
130,67,2023-10-05,DELIVERED
131,67,2024-05-07,DELIVERED
132,68,2024-01-31,DELIVERED
133,68,2024-05-24,DELIVERED
134,68,2023-07-20,DELIVERED
135,69,2023-07-13,DELIVERED
136,70,2024-02-08,DELIVERED
137,70,2024-06-24,DELIVERED
138,71,2023-09-22,DELIVERED
139,71,2024-04-15,DELIVERED
140,72,2022-06-30,DELIVERED
141,73,2024-05-13,DELIVERED
142,73,2024-02-25,DELIVERED
143,74,2022-09-04,DELIVERED
144,75,2022-09-14,DELIVERED
145,75,2024-04-11,DELIVERED
146,76,2021-04-19,DELIVERED
147,76,2021-07-13,DELIVERED
148,77,2021-02-25,DELIVERED
149,78,2023-12-19,CANCELLED
150,79,2023-05-19,DELIVERED
151,80,2024-06-13,DELIVERED
152,80,2024-02-23,DELIVERED
153,81,2024-08-16,DELIVERED
154,81,2023-12-21,DELIVERED
155,82,2024-05-14,DELIVERED
156,82,2024-03-02,DELIVERED
157,83,2024-05-31,DELIVERED
158,83,2023-04-28,CANCELLED
159,84,2024-09-12,DELIVERED
160,84,2024-08-06,DELIVERED
161,84,2024-10-31,DELIVERED
162,84,2024-09-11,CANCELLED
163,84,2024-08-17,DELIVERED
164,85,2022-12-23,CANCELLED
165,85,2024-05-12,DELIVERED
166,85,2023-10-21,DELIVERED
167,85,2023-02-04,DELIVERED
168,85,2024-03-02,DELIVERED
169,86,2024-08-13,DELIVERED
170,87,2021-08-12,CANCELLED
171,87,2022-04-29,DELIVERED
172,88,2023-04-18,DELIVERED
173,88,2024-12-07,DELIVERED
174,89,2024-10-19,DELIVERED
175,89,2024-12-04,DELIVERED
176,89,2024-10-22,DELIVERED
177,89,2024-12-12,DELIVERED
178,89,2024-11-19,DELIVERED
179,89,2024-11-22,DELIVERED
180,89,2024-11-24,DELIVERED
181,89,2024-10-25,DELIVERED
182,89,2024-12-23,DELIVERED
183,89,2024-12-11,DELIVERED
184,90,2021-09-19,DELIVERED
185,90,2023-09-28,DELIVERED
186,90,2022-10-18,DELIVERED
187,91,2024-08-27,DELIVERED
188,91,2024-09-02,DELIVERED
189,91,2024-08-02,DELIVERED
190,92,2024-01-23,DELIVERED
191,92,2023-07-11,DELIVERED
192,92,2024-10-10,DELIVERED
193,93,2024-08-15,DELIVERED
194,93,2024-03-16,DELIVERED
195,94,2024-12-11,DELIVERED
196,95,2024-08-14,DELIVERED
197,95,2024-09-20,DELIVERED
198,96,2024-10-15,DELIVERED
199,96,2024-09-21,DELIVERED
200,96,2024-08-15,DELIVERED
201,97,2023-09-15,DELIVERED
202,97,2021-07-16,DELIVERED
203,97,2022-09-18,DELIVERED
204,98,2024-12-01,DELIVERED
205,99,2024-02-20,DELIVERED
206,100,2024-09-27,CANCELLED
207,100,2024-11-25,DELIVERED
208,101,2023-02-05,DELIVERED
209,102,2024-07-07,DELIVERED
210,103,2024-09-01,DELIVERED
211,104,2024-08-20,DELIVERED
212,104,2024-07-16,DELIVERED
213,104,2024-04-03,DELIVERED
214,104,2024-05-25,DELIVERED
215,104,2024-11-07,DELIVERED
216,105,2023-02-24,DELIVERED
217,106,2024-09-09,DELIVERED
218,106,2024-10-16,DELIVERED
219,107,2024-06-07,DELIVERED
220,107,2024-06-28,DELIVERED
221,107,2024-11-21,DELIVERED
222,107,2024-08-02,DELIVERED
223,107,2024-06-15,DELIVERED
224,108,2024-11-10,DELIVERED
225,109,2024-01-24,DELIVERED
226,110,2024-12-03,DELIVERED
227,111,2023-05-03,DELIVERED
228,111,2024-12-13,DELIVERED
229,111,2023-02-09,DELIVERED
230,112,2023-10-03,DELIVERED
231,113,2024-12-18,DELIVERED
232,114,2024-11-19,DELIVERED
233,115,2021-09-26,DELIVERED
234,115,2024-01-14,DELIVERED
235,116,2024-04-14,DELIVERED
236,116,2024-12-28,DELIVERED
237,117,2023-06-12,DELIVERED
238,117,2021-08-27,DELIVERED
239,118,2024-07-17,DELIVERED
240,118,2024-05-28,DELIVERED
241,119,2024-11-04,DELIVERED
242,119,2024-12-22,DELIVERED
243,119,2024-11-13,DELIVERED
244,119,2024-11-27,DELIVERED
245,119,2024-12-04,DELIVERED
246,120,2024-07-03,DELIVERED
247,120,2024-07-31,CANCELLED
248,120,2024-09-09,DELIVERED
249,120,2024-08-06,DELIVERED
250,120,2024-08-01,DELIVERED
251,121,2024-05-28,DELIVERED
252,122,2023-06-08,DELIVERED
253,123,2022-06-13,DELIVERED
254,124,2023-07-09,DELIVERED
255,124,2023-11-17,DELIVERED
256,124,2023-09-10,DELIVERED
257,125,2022-07-04,DELIVERED
258,126,2022-02-02,DELIVERED
259,126,2021-10-23,DELIVERED
260,127,2023-01-15,DELIVERED
261,127,2024-08-21,DELIVERED
262,127,2024-09-24,DELIVERED
263,128,2023-08-05,CANCELLED
264,128,2023-11-08,DELIVERED
265,128,2023-01-19,DELIVERED
266,129,2024-02-20,DELIVERED
267,129,2023-02-21,CANCELLED
268,129,2022-04-19,DELIVERED
269,130,2024-02-09,DELIVERED
270,131,2023-06-06,DELIVERED
271,131,2023-11-12,DELIVERED
272,131,2023-04-23,DELIVERED
273,132,2024-11-07,DELIVERED
274,132,2024-11-03,DELIVERED
275,132,2024-11-12,DELIVERED
276,133,2025-01-01,DELIVERED
277,134,2024-09-06,DELIVERED
278,135,2024-12-03,CANCELLED
279,135,2024-11-02,DELIVERED
280,135,2024-10-31,DELIVERED
281,135,2024-10-07,DELIVERED
282,135,2024-05-16,DELIVERED
283,136,2023-05-13,DELIVERED
284,137,2023-06-27,DELIVERED
285,137,2022-06-24,DELIVERED
286,137,2022-02-27,DELIVERED
287,138,2024-06-03,DELIVERED
288,139,2024-04-06,DELIVERED
289,140,2024-11-19,DELIVERED
290,140,2024-11-24,DELIVERED
291,140,2024-12-09,DELIVERED
292,141,2021-09-01,DELIVERED
293,141,2023-01-26,DELIVERED
294,141,2022-11-07,DELIVERED
295,142,2023-04-01,DELIVERED
296,142,2022-11-05,DELIVERED
297,143,2023-10-27,DELIVERED
298,143,2023-12-15,DELIVERED
299,144,2024-11-06,DELIVERED
300,144,2024-10-31,DELIVERED
301,144,2023-12-28,DELIVERED
302,144,2023-07-22,CANCELLED
303,144,2024-08-02,CANCELLED
304,144,2023-07-30,DELIVERED
305,144,2023-09-07,DELIVERED
306,144,2023-08-19,DELIVERED
307,144,2023-04-29,DELIVERED
308,144,2023-06-19,DELIVERED
309,145,2024-12-26,DELIVERED
310,146,2023-12-25,DELIVERED
311,147,2022-09-16,DELIVERED
312,148,2023-10-31,DELIVERED
313,149,2024-12-01,DELIVERED
314,150,2024-10-24,DELIVERED
315,150,2024-10-09,CANCELLED
316,151,2023-09-18,DELIVERED
317,152,2024-06-21,DELIVERED
318,152,2024-06-23,CANCELLED
319,152,2024-01-07,DELIVERED
320,153,2021-11-23,DELIVERED
321,153,2021-08-06,DELIVERED
322,153,2021-11-02,DELIVERED
323,153,2022-08-01,CANCELLED
324,153,2023-12-18,DELIVERED
325,154,2024-08-21,CANCELLED
326,154,2024-08-12,DELIVERED
327,155,2024-11-08,DELIVERED
328,155,2024-09-10,DELIVERED
329,156,2023-12-23,DELIVERED
330,156,2022-10-20,DELIVERED
331,157,2022-06-29,DELIVERED
332,158,2023-12-30,DELIVERED
333,158,2021-09-10,DELIVERED
334,158,2022-05-09,DELIVERED
335,158,2024-08-17,DELIVERED
336,158,2023-11-03,DELIVERED
337,159,2024-10-12,DELIVERED
338,160,2024-08-19,DELIVERED
339,160,2023-04-29,CANCELLED
340,161,2024-12-03,DELIVERED
341,161,2024-12-22,DELIVERED
342,161,2024-12-06,DELIVERED
343,161,2024-11-20,DELIVERED
344,161,2024-12-01,DELIVERED
345,161,2024-11-22,DELIVERED
346,161,2024-11-20,DELIVERED
347,161,2024-11-26,DELIVERED
348,161,2024-11-26,CANCELLED
349,161,2024-12-07,DELIVERED
350,162,2023-10-20,DELIVERED
351,162,2023-06-25,CANCELLED
352,163,2024-12-11,DELIVERED
353,163,2024-12-14,DELIVERED
354,163,2024-12-27,DELIVERED
355,164,2024-09-13,CANCELLED
356,164,2024-11-23,DELIVERED
357,164,2024-10-18,DELIVERED
358,165,2022-02-02,CANCELLED
359,166,2024-02-06,DELIVERED
360,166,2024-05-15,DELIVERED
361,166,2024-07-07,DELIVERED
362,167,2023-11-13,DELIVERED
363,168,2024-08-29,DELIVERED
364,168,2024-05-09,CANCELLED
365,168,2024-12-22,CANCELLED
366,169,2024-11-25,DELIVERED
367,169,2024-10-12,CANCELLED
368,170,2023-11-11,DELIVERED
369,170,2023-02-01,DELIVERED
370,170,2024-02-26,DELIVERED
371,171,2024-09-07,DELIVERED
372,171,2023-12-13,DELIVERED
373,171,2024-06-16,DELIVERED
374,171,2024-12-03,DELIVERED
375,171,2024-06-04,DELIVERED
376,172,2024-10-23,DELIVERED
377,173,2024-01-19,DELIVERED
378,174,2024-03-03,DELIVERED
379,175,2024-02-11,DELIVERED
380,175,2024-09-25,DELIVERED
381,176,2024-01-02,DELIVERED
382,177,2023-12-11,DELIVERED
383,178,2022-11-12,DELIVERED
384,178,2022-05-11,DELIVERED
385,179,2024-04-24,DELIVERED
386,180,2024-09-04,DELIVERED
387,181,2024-08-24,DELIVERED
388,182,2023-12-19,DELIVERED
389,182,2023-06-08,DELIVERED
390,182,2024-02-20,DELIVERED
391,182,2023-07-07,DELIVERED
392,182,2024-09-03,DELIVERED
393,183,2024-10-02,CANCELLED
394,183,2024-08-19,DELIVERED
395,183,2024-12-02,CANCELLED
396,184,2023-11-14,DELIVERED
397,185,2022-06-20,CANCELLED
398,186,2024-11-11,DELIVERED
399,187,2022-06-28,DELIVERED
400,187,2023-04-26,DELIVERED
401,188,2024-12-13,DELIVERED
402,189,2024-06-27,DELIVERED
403,190,2024-10-16,DELIVERED
404,190,2024-12-23,DELIVERED
405,191,2023-09-30,DELIVERED
406,191,2024-03-15,DELIVERED
407,191,2024-09-04,DELIVERED
408,192,2024-02-14,DELIVERED
409,193,2023-04-27,DELIVERED
410,194,2023-11-10,DELIVERED
411,195,2022-06-08,DELIVERED
412,196,2024-08-15,DELIVERED
413,197,2024-11-16,DELIVERED
414,198,2024-02-17,DELIVERED
415,199,2022-01-05,DELIVERED
416,199,2023-10-30,DELIVERED
417,200,2024-12-14,DELIVERED
418,200,2024-12-14,DELIVERED
419,200,2024-10-21,DELIVERED
420,200,2024-12-14,DELIVERED
421,200,2024-10-27,DELIVERED
422,201,2024-10-12,DELIVERED
423,202,2024-06-13,DELIVERED
424,203,2024-09-06,DELIVERED
425,204,2023-05-04,DELIVERED
426,204,2022-08-04,DELIVERED
427,205,2024-12-01,DELIVERED
428,205,2024-04-13,DELIVERED
429,206,2022-08-14,DELIVERED
430,207,2024-07-22,DELIVERED
431,208,2023-05-06,DELIVERED
432,209,2022-11-27,DELIVERED
433,210,2021-05-05,DELIVERED
434,211,2024-11-22,DELIVERED
435,212,2024-12-19,DELIVERED
436,212,2024-08-19,DELIVERED
437,212,2024-11-11,DELIVERED
438,213,2023-12-03,DELIVERED
439,214,2023-10-18,DELIVERED
440,215,2023-10-08,DELIVERED
441,215,2022-11-08,DELIVERED
442,216,2024-05-18,DELIVERED
443,217,2024-02-07,DELIVERED
444,217,2024-01-19,DELIVERED
445,218,2023-11-10,DELIVERED
446,218,2023-11-04,DELIVERED
447,218,2023-10-03,DELIVERED
448,218,2024-12-01,DELIVERED
449,218,2024-06-19,DELIVERED
450,218,2023-08-25,DELIVERED
451,218,2024-06-28,DELIVERED
452,218,2024-07-21,DELIVERED
453,218,2023-09-23,DELIVERED
454,218,2024-05-21,DELIVERED
455,219,2023-08-28,DELIVERED
456,220,2023-04-18,CANCELLED
457,221,2023-10-18,DELIVERED
458,222,2023-07-27,DELIVERED
459,222,2024-05-08,DELIVERED
460,222,2024-12-01,DELIVERED
461,222,2024-06-28,DELIVERED
462,222,2024-12-11,DELIVERED
463,223,2023-09-17,DELIVERED
464,223,2023-04-24,DELIVERED
465,223,2024-10-21,DELIVERED
466,223,2024-05-25,DELIVERED
467,223,2024-10-07,DELIVERED
468,224,2024-09-16,DELIVERED
469,225,2024-10-09,DELIVERED
470,226,2023-07-20,DELIVERED
471,227,2023-04-29,DELIVERED
472,228,2024-12-06,DELIVERED
473,229,2024-08-19,DELIVERED
474,230,2024-12-29,DELIVERED
475,231,2023-03-21,CANCELLED
476,232,2024-02-17,DELIVERED
477,233,2024-12-23,DELIVERED
478,234,2024-07-07,DELIVERED
479,234,2024-04-13,DELIVERED
480,234,2024-05-08,DELIVERED
481,235,2024-02-02,CANCELLED
482,236,2024-08-22,CANCELLED
483,236,2023-08-21,DELIVERED
484,236,2024-01-21,DELIVERED
485,237,2023-12-25,DELIVERED
486,237,2023-03-09,DELIVERED
487,237,2024-11-16,DELIVERED
488,237,2024-07-24,DELIVERED
489,237,2024-01-04,DELIVERED
490,238,2022-11-28,DELIVERED
491,239,2024-12-24,DELIVERED
492,240,2024-07-04,DELIVERED
493,241,2024-02-02,DELIVERED
494,241,2024-08-21,DELIVERED
495,242,2022-11-17,DELIVERED
496,242,2023-12-12,DELIVERED
497,242,2022-07-11,DELIVERED
498,243,2023-05-05,DELIVERED
499,244,2024-06-24,DELIVERED
500,245,2023-02-05,DELIVERED
501,246,2022-08-25,DELIVERED
502,246,2022-03-16,DELIVERED
503,246,2023-08-04,DELIVERED
504,247,2023-07-29,DELIVERED
505,247,2021-02-18,CANCELLED
506,248,2024-01-21,DELIVERED
507,248,2023-12-24,DELIVERED
508,249,2022-09-09,DELIVERED
509,249,2021-09-01,DELIVERED
510,249,2023-04-03,DELIVERED
511,250,2022-10-21,DELIVERED
512,250,2021-12-21,DELIVERED
513,250,2021-05-16,DELIVERED
514,251,2024-04-20,DELIVERED
515,251,2024-10-10,DELIVERED
516,252,2024-04-17,DELIVERED
517,252,2024-03-10,DELIVERED
518,252,2022-10-08,DELIVERED
519,253,2023-10-19,DELIVERED
520,254,2024-09-18,DELIVERED
521,255,2024-09-24,DELIVERED
522,255,2024-09-17,DELIVERED
523,255,2024-11-06,DELIVERED
524,256,2024-07-30,DELIVERED
525,256,2023-10-23,DELIVERED
526,257,2024-12-21,DELIVERED
527,258,2024-11-19,DELIVERED
528,259,2022-10-27,DELIVERED
529,259,2022-06-21,DELIVERED
530,259,2024-02-02,DELIVERED
531,259,2021-12-20,CANCELLED
532,259,2021-09-29,DELIVERED
533,260,2023-11-02,DELIVERED
534,260,2022-04-19,DELIVERED
535,261,2023-03-29,DELIVERED
536,262,2023-05-05,DELIVERED
537,262,2022-06-19,DELIVERED
538,262,2022-04-17,CANCELLED
539,262,2023-10-18,DELIVERED
540,262,2022-10-31,DELIVERED
541,263,2024-12-06,DELIVERED
542,263,2024-11-22,DELIVERED
543,264,2021-08-08,CANCELLED
544,264,2024-04-01,CANCELLED
545,265,2022-11-06,DELIVERED
546,266,2024-11-29,DELIVERED
547,266,2024-12-16,DELIVERED
548,266,2024-12-17,CANCELLED
549,266,2024-12-08,DELIVERED
550,266,2024-12-23,DELIVERED
551,266,2024-11-09,DELIVERED
552,266,2024-12-05,DELIVERED
553,266,2024-12-19,DELIVERED
554,266,2024-11-18,DELIVERED
555,266,2024-12-16,DELIVERED
556,267,2024-10-23,DELIVERED
557,268,2022-07-11,DELIVERED
558,269,2022-02-19,DELIVERED
559,269,2022-05-28,DELIVERED
560,269,2023-09-11,DELIVERED
561,269,2022-12-27,DELIVERED
562,269,2022-11-26,DELIVERED
563,270,2024-02-04,DELIVERED
564,271,2024-09-04,DELIVERED
565,272,2024-12-23,DELIVERED
566,273,2023-06-13,DELIVERED
567,274,2024-09-24,DELIVERED
568,274,2024-03-14,DELIVERED
569,275,2023-02-13,CANCELLED
570,276,2023-06-23,DELIVERED
571,277,2022-01-19,CANCELLED
572,278,2021-05-24,DELIVERED
573,279,2023-06-06,DELIVERED
574,280,2024-09-16,DELIVERED
575,281,2024-10-08,DELIVERED
576,282,2023-12-22,DELIVERED
577,283,2023-06-11,DELIVERED
578,283,2024-04-20,DELIVERED
579,284,2021-08-10,DELIVERED
580,285,2024-07-04,DELIVERED
581,286,2024-09-29,DELIVERED
582,286,2024-10-25,DELIVERED
583,287,2024-11-23,CANCELLED
584,287,2024-02-10,DELIVERED
585,287,2023-10-28,DELIVERED
586,288,2022-11-20,DELIVERED
587,288,2023-05-24,DELIVERED
588,289,2024-02-15,DELIVERED
589,290,2024-12-08,DELIVERED
590,290,2024-06-14,DELIVERED
591,291,2022-07-06,DELIVERED
592,292,2024-06-16,DELIVERED
593,293,2021-12-08,DELIVERED
594,293,2023-01-07,DELIVERED
595,293,2023-07-09,DELIVERED
596,294,2024-05-17,DELIVERED
597,295,2025-01-01,DELIVERED
598,295,2024-12-17,DELIVERED
599,296,2024-08-06,DELIVERED
600,297,2024-12-09,DELIVERED
601,298,2024-08-22,DELIVERED
602,298,2024-05-10,DELIVERED
603,298,2024-08-13,DELIVERED
604,299,2023-10-11,DELIVERED
605,300,2023-12-08,DELIVERED
606,300,2022-11-29,DELIVERED
607,301,2024-12-29,DELIVERED
608,301,2024-12-16,DELIVERED
609,301,2024-12-23,DELIVERED
610,302,2024-04-28,DELIVERED
611,302,2024-05-11,DELIVERED
612,303,2024-06-16,DELIVERED
613,304,2024-07-08,DELIVERED
614,305,2022-11-24,DELIVERED
615,305,2024-07-21,DELIVERED
616,305,2021-09-26,DELIVERED
617,305,2022-03-28,DELIVERED
618,305,2021-12-07,DELIVERED
619,306,2023-12-19,DELIVERED
620,306,2024-10-13,DELIVERED
621,306,2024-04-30,DELIVERED
622,307,2024-12-09,DELIVERED
623,308,2024-11-21,DELIVERED
624,309,2024-08-07,CANCELLED
625,309,2024-11-05,DELIVERED
626,309,2024-05-04,DELIVERED
627,310,2024-11-14,DELIVERED
628,311,2023-09-22,DELIVERED
629,311,2024-08-21,DELIVERED
630,311,2024-09-22,DELIVERED
631,311,2024-11-19,DELIVERED
632,311,2024-03-19,DELIVERED
633,312,2024-09-23,DELIVERED
634,312,2023-09-26,DELIVERED
635,312,2022-07-02,DELIVERED
636,313,2024-04-03,DELIVERED
637,313,2023-03-31,DELIVERED
638,313,2024-07-22,DELIVERED
639,313,2024-09-30,DELIVERED
640,313,2024-08-06,DELIVERED
641,314,2024-05-21,DELIVERED
642,314,2024-09-06,DELIVERED
643,314,2024-07-10,DELIVERED
644,314,2023-03-13,DELIVERED
645,314,2023-02-14,DELIVERED
646,315,2024-05-24,DELIVERED
647,315,2023-08-16,DELIVERED
648,316,2022-02-22,DELIVERED
649,317,2023-06-15,DELIVERED
650,318,2024-01-04,DELIVERED
651,318,2023-10-28,DELIVERED
652,319,2021-04-29,DELIVERED
653,320,2024-10-26,DELIVERED
654,320,2024-09-12,DELIVERED
655,320,2024-11-28,DELIVERED
656,320,2024-10-27,DELIVERED
657,320,2024-09-27,DELIVERED
658,321,2024-10-16,DELIVERED
659,322,2024-12-27,DELIVERED
660,322,2023-08-24,DELIVERED
661,323,2024-07-05,DELIVERED
662,324,2023-07-02,DELIVERED
663,324,2023-09-03,DELIVERED
664,325,2024-02-17,DELIVERED
665,326,2022-07-24,DELIVERED
666,326,2023-05-28,DELIVERED
667,326,2023-11-16,DELIVERED
668,327,2023-09-26,DELIVERED
669,327,2024-08-08,DELIVERED
670,328,2024-10-12,DELIVERED
671,328,2024-09-29,CANCELLED
672,328,2024-12-01,DELIVERED
673,328,2024-11-15,DELIVERED
674,328,2024-07-24,DELIVERED
675,329,2024-11-11,DELIVERED
676,329,2024-04-14,DELIVERED
677,329,2022-07-25,DELIVERED
678,330,2023-08-01,DELIVERED
679,330,2022-02-05,DELIVERED
680,331,2023-06-05,DELIVERED
681,332,2023-12-17,CANCELLED
682,332,2024-01-08,DELIVERED
683,332,2024-01-02,DELIVERED
684,332,2024-06-30,CANCELLED
685,332,2022-08-26,DELIVERED
686,332,2024-12-18,DELIVERED
687,332,2022-09-01,DELIVERED
688,332,2023-12-13,DELIVERED
689,332,2024-07-22,DELIVERED
690,332,2022-08-27,DELIVERED
691,333,2024-12-03,CANCELLED
692,333,2024-12-11,CANCELLED
693,333,2024-12-19,DELIVERED
694,333,2024-11-30,DELIVERED
695,333,2024-12-16,DELIVERED
696,334,2024-09-14,DELIVERED
697,335,2024-09-30,DELIVERED
698,336,2024-12-07,DELIVERED
699,337,2024-08-08,DELIVERED
700,338,2024-10-19,DELIVERED
701,339,2024-11-23,DELIVERED
702,340,2024-08-09,DELIVERED
703,341,2024-09-06,DELIVERED
704,342,2024-06-05,DELIVERED
705,342,2024-05-26,DELIVERED
706,342,2024-08-08,DELIVERED
707,343,2024-09-06,DELIVERED
708,343,2024-04-09,DELIVERED
709,343,2023-10-06,DELIVERED
710,344,2024-10-05,DELIVERED
711,344,2024-09-02,CANCELLED
712,344,2024-07-16,DELIVERED
713,344,2024-04-11,DELIVERED
714,344,2024-11-15,DELIVERED
715,345,2025-01-01,DELIVERED
716,346,2024-10-14,CANCELLED
717,346,2024-10-27,DELIVERED
718,346,2024-09-12,DELIVERED
719,347,2024-08-24,DELIVERED
720,348,2024-12-06,DELIVERED
721,349,2024-07-07,DELIVERED
722,350,2024-10-12,DELIVERED
723,351,2024-11-28,DELIVERED
724,352,2023-02-12,DELIVERED
725,352,2024-04-19,DELIVERED
726,352,2022-02-04,DELIVERED
727,352,2022-10-27,DELIVERED
728,352,2022-04-19,CANCELLED
729,352,2023-03-25,DELIVERED
730,352,2024-01-11,DELIVERED
731,352,2023-05-06,DELIVERED
732,352,2023-01-20,DELIVERED
733,352,2023-11-18,CANCELLED
734,353,2023-09-21,DELIVERED
735,354,2022-10-16,CANCELLED
736,355,2024-07-26,CANCELLED
737,356,2024-04-27,DELIVERED
738,356,2024-08-05,DELIVERED
739,357,2024-11-07,DELIVERED
740,358,2024-08-21,DELIVERED
741,359,2024-10-13,DELIVERED
742,359,2024-02-07,DELIVERED
743,359,2023-09-14,CANCELLED
744,360,2021-12-17,CANCELLED
745,360,2024-07-14,CANCELLED
746,360,2022-07-15,DELIVERED
747,361,2022-06-14,DELIVERED
748,362,2024-07-24,DELIVERED
749,362,2024-11-01,DELIVERED
750,363,2024-05-06,DELIVERED
751,364,2022-06-15,DELIVERED
752,365,2024-12-14,DELIVERED
753,365,2024-12-19,DELIVERED
754,366,2024-08-07,DELIVERED
755,367,2022-10-18,CANCELLED
756,367,2022-11-07,DELIVERED
757,367,2024-10-06,DELIVERED
758,368,2024-06-05,DELIVERED
759,368,2024-03-24,DELIVERED
760,369,2024-10-21,DELIVERED
761,370,2022-10-14,DELIVERED
762,371,2024-05-05,DELIVERED
763,372,2023-10-31,DELIVERED
764,373,2024-07-08,DELIVERED
765,374,2023-08-21,DELIVERED
766,375,2024-09-04,DELIVERED
767,375,2024-10-22,DELIVERED
768,376,2024-12-17,DELIVERED
769,376,2024-11-01,DELIVERED
770,377,2024-09-14,DELIVERED
771,377,2024-05-26,DELIVERED
772,377,2023-08-20,DELIVERED
773,378,2024-12-26,DELIVERED
774,378,2023-03-01,DELIVERED
775,378,2023-10-03,DELIVERED
776,379,2023-05-15,DELIVERED
777,379,2023-09-11,DELIVERED
778,380,2024-12-13,DELIVERED
779,381,2024-04-05,DELIVERED
780,381,2023-07-05,DELIVERED
781,381,2024-05-04,DELIVERED
782,382,2024-01-10,DELIVERED
783,383,2024-11-02,DELIVERED
784,384,2022-03-14,DELIVERED
785,384,2022-09-25,DELIVERED
786,384,2021-10-16,DELIVERED
787,385,2023-04-21,CANCELLED
788,385,2021-11-10,DELIVERED
789,386,2023-07-21,DELIVERED
790,387,2024-05-10,DELIVERED
791,388,2022-09-28,DELIVERED
792,389,2024-12-12,CANCELLED
793,390,2024-10-30,DELIVERED
794,391,2024-12-23,DELIVERED
795,391,2024-10-12,CANCELLED
796,391,2024-10-13,DELIVERED
797,391,2024-12-06,DELIVERED
798,391,2024-10-13,DELIVERED
799,392,2024-11-18,DELIVERED
800,392,2022-03-30,DELIVERED
801,393,2023-07-28,DELIVERED
802,394,2024-12-12,DELIVERED
803,395,2023-12-07,CANCELLED
804,395,2024-07-07,DELIVERED
805,395,2021-10-01,DELIVERED
806,395,2021-09-08,DELIVERED
807,395,2024-04-17,DELIVERED
808,395,2022-05-18,DELIVERED
809,395,2022-08-10,DELIVERED
810,395,2021-09-07,DELIVERED
811,395,2022-11-22,DELIVERED
812,395,2023-01-19,DELIVERED
813,396,2024-05-15,DELIVERED
814,397,2024-10-29,DELIVERED
815,397,2024-10-28,DELIVERED
816,397,2024-10-11,DELIVERED
817,397,2024-07-09,DELIVERED
818,397,2024-08-16,DELIVERED
819,397,2024-12-15,DELIVERED
820,397,2024-08-04,DELIVERED
821,397,2024-12-04,DELIVERED
822,397,2024-07-28,DELIVERED
823,397,2024-08-25,DELIVERED
824,398,2022-12-13,DELIVERED
825,398,2022-11-08,DELIVERED
826,398,2023-07-20,CANCELLED
827,398,2023-02-02,DELIVERED
828,398,2024-02-21,DELIVERED
829,399,2024-11-16,DELIVERED
830,400,2024-11-19,DELIVERED
831,400,2024-09-05,DELIVERED
832,400,2024-08-11,DELIVERED
833,400,2024-12-18,DELIVERED
834,400,2024-11-13,DELIVERED
835,400,2024-12-31,DELIVERED
836,400,2024-10-21,DELIVERED
837,400,2024-10-25,DELIVERED
838,400,2024-09-06,DELIVERED
839,400,2024-12-11,CANCELLED
840,401,2023-06-07,DELIVERED
841,402,2024-12-31,DELIVERED
842,402,2024-12-31,DELIVERED
843,402,2024-12-31,DELIVERED
844,403,2023-01-03,DELIVERED
845,403,2022-12-01,DELIVERED
846,404,2023-01-16,DELIVERED
847,404,2022-06-04,DELIVERED
848,404,2022-03-18,DELIVERED
849,404,2024-04-08,DELIVERED
850,404,2022-09-19,DELIVERED
851,405,2024-08-03,DELIVERED
852,405,2024-12-20,DELIVERED
853,406,2023-12-15,DELIVERED
854,407,2024-07-03,DELIVERED
855,407,2023-07-20,DELIVERED
856,408,2023-10-22,DELIVERED
857,409,2024-12-03,DELIVERED
858,410,2022-04-12,DELIVERED
859,411,2024-09-18,DELIVERED
860,411,2024-02-24,DELIVERED
861,412,2024-01-22,DELIVERED
862,412,2024-07-03,DELIVERED
863,412,2024-06-19,DELIVERED
864,413,2024-06-25,DELIVERED
865,414,2022-01-20,DELIVERED
866,414,2022-12-02,DELIVERED
867,414,2023-10-12,DELIVERED
868,414,2023-02-07,DELIVERED
869,414,2024-11-07,DELIVERED
870,414,2024-07-10,DELIVERED
871,414,2023-11-13,DELIVERED
872,414,2024-09-12,DELIVERED
873,414,2023-07-16,DELIVERED
874,414,2022-10-23,DELIVERED
875,415,2024-08-22,DELIVERED
876,416,2023-12-06,DELIVERED
877,417,2023-05-18,DELIVERED
878,417,2022-04-11,DELIVERED
879,418,2024-10-23,DELIVERED
880,419,2022-05-28,DELIVERED
881,420,2024-12-27,DELIVERED
882,420,2024-10-27,CANCELLED
883,421,2024-06-03,DELIVERED
884,422,2023-06-27,DELIVERED
885,422,2024-11-17,DELIVERED
886,423,2024-01-28,DELIVERED
887,423,2022-09-10,DELIVERED
888,423,2023-06-10,DELIVERED
889,424,2023-08-07,DELIVERED
890,424,2022-11-10,DELIVERED
891,424,2023-04-30,DELIVERED
892,425,2024-01-02,DELIVERED
893,425,2023-07-03,DELIVERED
894,426,2023-04-24,DELIVERED
895,427,2024-07-05,DELIVERED
896,428,2024-12-27,DELIVERED
897,428,2024-11-20,CANCELLED
898,428,2024-12-12,DELIVERED
899,429,2024-07-01,DELIVERED
900,430,2024-08-25,DELIVERED
901,430,2022-04-24,DELIVERED
902,431,2024-09-29,DELIVERED
903,431,2024-08-08,CANCELLED
904,432,2022-03-15,DELIVERED
905,432,2024-06-14,DELIVERED
906,432,2022-11-23,DELIVERED
907,432,2024-08-10,DELIVERED
908,432,2022-06-23,DELIVERED
909,432,2023-12-11,DELIVERED
910,432,2024-10-10,DELIVERED
911,432,2023-06-24,DELIVERED
912,432,2024-02-14,DELIVERED
913,432,2022-02-08,DELIVERED
914,433,2022-08-22,DELIVERED
915,434,2024-03-02,CANCELLED
916,435,2024-02-09,DELIVERED
917,436,2023-09-16,DELIVERED
918,436,2023-11-24,DELIVERED
919,437,2024-12-24,DELIVERED
920,438,2024-06-09,DELIVERED
921,438,2022-09-04,DELIVERED
922,438,2023-08-24,DELIVERED
923,438,2022-11-19,DELIVERED
924,438,2022-04-29,DELIVERED
925,439,2024-12-13,DELIVERED
926,439,2024-11-23,DELIVERED
927,440,2024-12-06,DELIVERED
928,441,2023-12-23,DELIVERED
929,441,2024-05-10,DELIVERED
930,441,2023-08-23,CANCELLED
931,441,2023-06-29,DELIVERED
932,441,2024-09-29,DELIVERED
933,442,2024-04-04,DELIVERED
934,443,2022-10-18,DELIVERED
935,443,2022-07-27,DELIVERED
936,443,2024-11-08,DELIVERED
937,444,2024-03-06,DELIVERED
938,444,2024-08-22,DELIVERED
939,445,2024-06-09,DELIVERED
940,445,2024-05-17,DELIVERED
941,445,2024-06-03,DELIVERED
942,445,2022-06-26,DELIVERED
943,445,2022-08-07,DELIVERED
944,446,2024-06-27,DELIVERED
945,446,2023-06-23,DELIVERED
946,446,2024-08-05,DELIVERED
947,446,2023-06-14,DELIVERED
948,446,2023-04-22,DELIVERED
949,447,2024-03-05,DELIVERED
950,448,2024-03-05,DELIVERED
951,449,2024-06-27,DELIVERED
952,449,2023-06-05,DELIVERED
953,450,2024-01-15,DELIVERED
954,451,2024-11-18,DELIVERED
955,451,2024-05-31,DELIVERED
956,452,2024-04-10,DELIVERED
957,452,2023-04-08,DELIVERED
958,452,2024-02-17,DELIVERED
959,453,2024-01-31,DELIVERED
960,454,2023-04-17,DELIVERED
961,455,2023-04-27,CANCELLED
962,456,2021-09-01,DELIVERED
963,457,2023-05-11,CANCELLED
964,458,2024-11-27,DELIVERED
965,459,2024-05-31,DELIVERED
966,460,2024-04-26,CANCELLED
967,460,2023-10-22,DELIVERED
968,460,2023-09-25,CANCELLED
969,460,2024-07-08,DELIVERED
970,460,2024-11-08,DELIVERED
971,460,2024-04-20,DELIVERED
972,460,2023-11-30,DELIVERED
973,460,2023-08-17,DELIVERED
974,460,2023-07-28,DELIVERED
975,460,2024-04-12,DELIVERED
976,461,2023-01-27,DELIVERED
977,462,2024-03-07,DELIVERED
978,462,2024-12-11,DELIVERED
979,463,2024-11-10,DELIVERED
980,463,2024-11-18,DELIVERED
981,463,2023-11-02,DELIVERED
982,463,2024-05-17,DELIVERED
983,463,2022-09-11,DELIVERED
984,464,2023-07-24,DELIVERED
985,464,2024-05-21,CANCELLED
986,465,2023-12-19,DELIVERED
987,465,2023-06-27,DELIVERED
988,466,2022-07-02,DELIVERED
989,466,2023-11-03,DELIVERED
990,466,2021-09-07,CANCELLED
991,467,2023-04-03,DELIVERED
992,467,2023-03-26,DELIVERED
993,468,2024-12-06,DELIVERED
994,468,2024-09-20,DELIVERED
995,469,2024-09-02,DELIVERED
996,470,2024-03-11,DELIVERED
997,470,2024-12-26,CANCELLED
998,470,2024-11-13,DELIVERED
999,470,2024-05-25,DELIVERED
1000,470,2024-05-02,DELIVERED
1001,470,2024-09-03,DELIVERED
1002,470,2024-03-19,DELIVERED
1003,470,2024-09-08,DELIVERED
1004,470,2024-07-08,DELIVERED
1005,470,2024-11-28,DELIVERED
1006,471,2024-11-01,DELIVERED
1007,471,2024-11-01,DELIVERED
1008,472,2024-08-21,DELIVERED
1009,472,2024-07-30,DELIVERED
1010,472,2024-08-06,DELIVERED
1011,473,2024-12-31,DELIVERED
1012,474,2022-01-12,DELIVERED
1013,475,2023-11-13,DELIVERED
1014,476,2023-10-22,DELIVERED
1015,477,2023-10-22,DELIVERED
1016,478,2022-01-05,DELIVERED
1017,479,2024-12-31,DELIVERED
1018,479,2024-10-16,DELIVERED
1019,480,2024-08-30,DELIVERED
1020,481,2024-06-20,DELIVERED
1021,481,2024-07-17,DELIVERED
1022,481,2024-04-07,DELIVERED
1023,482,2024-08-17,DELIVERED
1024,483,2024-09-08,DELIVERED
1025,484,2021-11-29,DELIVERED
1026,485,2024-10-13,DELIVERED
1027,485,2024-05-20,DELIVERED
1028,485,2023-09-07,CANCELLED
1029,486,2024-09-20,DELIVERED
1030,487,2024-12-26,DELIVERED
1031,488,2024-01-29,DELIVERED
1032,488,2024-08-24,CANCELLED
1033,488,2024-12-09,DELIVERED
1034,489,2024-10-27,DELIVERED
1035,489,2023-06-03,DELIVERED
1036,489,2023-11-19,DELIVERED
1037,489,2023-05-30,DELIVERED
1038,489,2023-05-22,DELIVERED
1039,490,2024-09-08,DELIVERED
1040,491,2024-06-28,DELIVERED
1041,492,2024-07-22,DELIVERED
1042,492,2023-05-30,DELIVERED
1043,493,2023-11-27,DELIVERED
1044,494,2024-12-21,DELIVERED
1045,495,2024-10-10,DELIVERED
1046,496,2024-10-16,DELIVERED
1047,496,2024-11-05,DELIVERED
1048,497,2024-12-04,CANCELLED
1049,498,2024-08-15,DELIVERED
1050,499,2024-07-19,DELIVERED
1051,499,2024-05-11,DELIVERED
1052,500,2021-12-08,DELIVERED
1053,500,2024-10-15,DELIVERED
1054,500,2024-07-01,DELIVERED
1055,500,2022-11-18,DELIVERED
1056,500,2024-05-30,DELIVERED
1057,501,2024-11-08,DELIVERED
1058,501,2024-10-15,DELIVERED
1059,502,2023-01-14,DELIVERED
1060,502,2023-01-25,DELIVERED
1061,502,2024-11-29,DELIVERED
1062,502,2023-04-13,DELIVERED
1063,502,2023-05-05,DELIVERED
1064,503,2024-10-12,DELIVERED
1065,504,2023-12-08,DELIVERED
1066,505,2022-05-17,DELIVERED
1067,506,2024-06-08,DELIVERED
1068,507,2024-01-22,DELIVERED
1069,507,2024-12-19,DELIVERED
1070,507,2024-12-19,DELIVERED
1071,508,2024-07-14,DELIVERED
1072,508,2024-08-23,DELIVERED
1073,509,2023-02-28,DELIVERED
1074,510,2024-12-18,DELIVERED
1075,510,2024-12-07,CANCELLED
1076,511,2023-05-30,DELIVERED
1077,512,2024-08-09,DELIVERED
1078,513,2024-06-16,DELIVERED
1079,513,2024-06-29,CANCELLED
1080,514,2024-03-28,DELIVERED
1081,515,2024-11-08,DELIVERED
1082,515,2023-09-08,DELIVERED
1083,516,2024-11-27,DELIVERED
1084,517,2023-08-04,DELIVERED
1085,517,2024-10-29,DELIVERED
1086,517,2024-06-24,DELIVERED
1087,518,2024-05-25,DELIVERED
1088,519,2024-07-04,DELIVERED
1089,520,2024-06-22,DELIVERED
1090,520,2022-09-23,DELIVERED
1091,520,2022-09-02,DELIVERED
1092,521,2023-03-18,DELIVERED
1093,521,2023-02-09,DELIVERED
1094,522,2024-02-01,DELIVERED
1095,523,2022-06-05,DELIVERED
1096,523,2023-04-25,DELIVERED
1097,523,2023-06-23,DELIVERED
1098,523,2023-12-04,DELIVERED
1099,523,2024-12-15,DELIVERED
1100,523,2022-12-22,DELIVERED
1101,523,2021-12-28,CANCELLED
1102,523,2023-07-24,DELIVERED
1103,523,2023-05-23,DELIVERED
1104,523,2022-06-30,DELIVERED
1105,524,2023-11-03,DELIVERED
1106,525,2024-07-29,DELIVERED
1107,526,2024-08-25,DELIVERED
1108,527,2024-08-09,CANCELLED
1109,527,2024-02-02,DELIVERED
1110,527,2024-05-28,DELIVERED
1111,528,2024-06-08,CANCELLED
1112,529,2024-04-13,DELIVERED
1113,529,2024-12-02,DELIVERED
1114,529,2023-07-27,DELIVERED
1115,529,2023-06-02,DELIVERED
1116,529,2023-06-22,DELIVERED
1117,530,2021-11-19,DELIVERED
1118,530,2022-06-13,DELIVERED
1119,530,2022-02-19,DELIVERED
1120,531,2024-02-26,DELIVERED
1121,531,2024-07-11,DELIVERED
1122,532,2024-10-09,DELIVERED
1123,533,2024-12-29,CANCELLED
1124,534,2022-01-17,DELIVERED
1125,534,2024-06-15,DELIVERED
1126,535,2023-07-02,DELIVERED
1127,536,2024-12-16,DELIVERED
1128,537,2023-08-16,CANCELLED
1129,538,2024-09-11,DELIVERED
1130,538,2021-06-06,CANCELLED
1131,538,2021-12-31,DELIVERED
1132,539,2024-10-30,DELIVERED
1133,539,2024-10-31,DELIVERED
1134,539,2024-07-27,DELIVERED
1135,540,2024-05-18,DELIVERED
1136,540,2024-06-02,DELIVERED
1137,540,2023-11-13,DELIVERED
1138,541,2024-08-03,DELIVERED
1139,542,2023-04-10,DELIVERED
1140,542,2023-07-27,CANCELLED
1141,543,2024-06-16,DELIVERED
1142,543,2024-12-10,DELIVERED
1143,544,2024-10-22,CANCELLED
1144,544,2024-12-14,DELIVERED
1145,544,2024-12-02,DELIVERED
1146,545,2023-08-26,DELIVERED
1147,545,2024-11-24,DELIVERED
1148,545,2023-12-21,DELIVERED
1149,546,2024-07-28,DELIVERED
1150,547,2024-01-18,DELIVERED
1151,548,2024-12-30,CANCELLED
1152,549,2021-08-17,CANCELLED
1153,550,2023-07-26,DELIVERED
1154,551,2024-08-11,DELIVERED
1155,552,2023-12-13,DELIVERED
1156,553,2024-11-05,DELIVERED
1157,554,2024-08-12,DELIVERED
1158,554,2024-08-19,DELIVERED
1159,555,2023-12-01,DELIVERED
1160,555,2022-08-04,DELIVERED
1161,555,2024-11-20,CANCELLED
1162,556,2024-05-12,DELIVERED
1163,557,2022-06-04,DELIVERED
1164,557,2022-03-08,DELIVERED
1165,557,2022-12-31,DELIVERED
1166,557,2024-12-14,DELIVERED
1167,557,2024-10-01,DELIVERED
1168,557,2024-11-24,DELIVERED
1169,557,2023-01-17,DELIVERED
1170,557,2022-07-16,DELIVERED
1171,557,2024-11-15,CANCELLED
1172,557,2023-12-01,DELIVERED
1173,558,2023-06-01,DELIVERED
1174,558,2023-09-01,DELIVERED
1175,559,2024-06-08,DELIVERED
1176,560,2024-08-29,DELIVERED
1177,561,2024-02-10,DELIVERED
1178,562,2022-12-12,DELIVERED
1179,563,2024-10-14,DELIVERED
1180,563,2024-04-21,DELIVERED
1181,563,2024-05-16,DELIVERED
1182,564,2023-07-24,DELIVERED
1183,565,2023-11-25,DELIVERED
1184,566,2024-01-15,DELIVERED
1185,566,2023-12-15,DELIVERED
1186,566,2024-09-04,DELIVERED
1187,567,2024-09-01,DELIVERED
1188,568,2022-11-23,DELIVERED
1189,568,2024-01-17,CANCELLED
1190,568,2023-11-25,DELIVERED
1191,568,2023-07-14,DELIVERED
1192,568,2022-12-24,DELIVERED
1193,568,2024-01-16,DELIVERED
1194,568,2024-09-26,DELIVERED
1195,568,2024-06-24,DELIVERED
1196,568,2022-09-12,DELIVERED
1197,568,2022-12-08,DELIVERED
1198,569,2023-12-21,DELIVERED
1199,570,2024-08-28,DELIVERED
1200,571,2024-11-15,DELIVERED
1201,572,2024-05-12,DELIVERED
1202,572,2024-04-25,CANCELLED
1203,572,2021-03-28,DELIVERED
1204,573,2023-09-11,DELIVERED
1205,574,2024-12-22,DELIVERED
1206,575,2024-09-28,DELIVERED
1207,575,2024-10-08,DELIVERED
1208,575,2024-04-20,DELIVERED
1209,576,2024-08-26,DELIVERED
1210,576,2024-12-14,DELIVERED
1211,577,2024-01-14,DELIVERED
1212,577,2024-09-26,DELIVERED
1213,578,2024-12-27,DELIVERED
1214,579,2024-02-08,DELIVERED
1215,579,2024-03-02,DELIVERED
1216,580,2022-03-02,DELIVERED
1217,581,2023-09-17,DELIVERED
1218,581,2024-05-11,DELIVERED
1219,582,2023-08-19,CANCELLED
1220,583,2024-05-01,DELIVERED
1221,583,2024-11-29,DELIVERED
1222,584,2024-12-31,DELIVERED
1223,585,2024-07-26,DELIVERED
1224,585,2024-11-27,DELIVERED
1225,586,2024-04-23,DELIVERED
1226,587,2024-07-09,DELIVERED
1227,587,2024-10-08,DELIVERED
1228,587,2023-10-27,DELIVERED
1229,588,2024-11-28,DELIVERED
1230,588,2024-12-06,DELIVERED
1231,588,2024-11-22,DELIVERED
1232,588,2024-12-13,DELIVERED
1233,588,2024-12-14,DELIVERED
1234,589,2023-04-29,DELIVERED
1235,590,2024-11-23,DELIVERED
1236,590,2024-01-24,DELIVERED
1237,590,2022-07-25,DELIVERED
1238,591,2024-11-02,DELIVERED
1239,591,2024-11-18,DELIVERED
1240,591,2024-12-30,CANCELLED
1241,591,2024-11-14,DELIVERED
1242,591,2024-12-19,DELIVERED
1243,592,2023-04-01,DELIVERED
1244,592,2023-08-30,DELIVERED
1245,593,2024-11-23,DELIVERED
1246,594,2022-12-25,DELIVERED
1247,594,2022-12-08,DELIVERED
1248,594,2022-07-24,DELIVERED
1249,594,2024-02-01,DELIVERED
1250,594,2023-02-03,DELIVERED
1251,595,2024-04-23,DELIVERED
1252,595,2023-07-25,DELIVERED
1253,595,2023-12-23,DELIVERED
1254,595,2023-05-01,DELIVERED
1255,595,2024-03-10,DELIVERED
1256,596,2022-05-22,DELIVERED
1257,597,2024-08-28,DELIVERED
1258,597,2024-12-10,DELIVERED
1259,597,2024-09-17,DELIVERED
1260,598,2024-05-20,DELIVERED
1261,598,2024-11-03,DELIVERED
1262,598,2024-11-07,DELIVERED
1263,599,2024-12-01,DELIVERED
1264,599,2024-10-19,DELIVERED
1265,599,2024-04-12,DELIVERED
1266,600,2024-03-01,CANCELLED
1267,600,2021-05-23,DELIVERED
1268,600,2024-05-05,DELIVERED
1269,600,2021-08-22,DELIVERED
1270,600,2024-06-21,DELIVERED
1271,600,2023-10-18,DELIVERED
1272,600,2024-08-25,DELIVERED
1273,600,2024-01-29,DELIVERED
1274,600,2024-03-21,DELIVERED
1275,600,2022-05-12,DELIVERED
1276,601,2024-08-27,DELIVERED
1277,602,2024-12-01,DELIVERED
1278,603,2022-09-04,DELIVERED
1279,603,2022-06-03,DELIVERED
1280,604,2023-10-05,DELIVERED
1281,604,2024-02-27,DELIVERED
1282,605,2023-07-11,DELIVERED
1283,606,2025-01-01,DELIVERED
1284,607,2024-05-10,DELIVERED
1285,607,2024-05-28,DELIVERED
1286,607,2024-09-02,DELIVERED
1287,607,2024-10-15,DELIVERED
1288,607,2024-11-20,DELIVERED
1289,607,2024-03-02,DELIVERED
1290,607,2024-03-15,DELIVERED
1291,607,2024-05-17,DELIVERED
1292,607,2024-04-19,DELIVERED
1293,607,2024-03-25,DELIVERED
1294,608,2024-03-27,DELIVERED
1295,608,2022-06-12,DELIVERED
1296,609,2022-09-12,DELIVERED
1297,610,2023-06-03,CANCELLED
1298,611,2024-10-26,DELIVERED
1299,612,2024-10-22,DELIVERED
1300,613,2023-07-16,CANCELLED
1301,613,2024-08-31,DELIVERED
1302,613,2024-03-26,DELIVERED
1303,614,2024-04-04,DELIVERED
1304,614,2024-10-25,DELIVERED
1305,615,2024-07-24,DELIVERED
1306,616,2024-08-22,DELIVERED
1307,616,2024-08-24,DELIVERED
1308,617,2024-07-26,DELIVERED
1309,618,2023-03-12,DELIVERED
1310,619,2024-09-28,DELIVERED
1311,620,2024-12-17,DELIVERED
1312,621,2024-12-21,DELIVERED
1313,621,2024-08-22,DELIVERED
1314,622,2024-02-08,DELIVERED
1315,622,2024-03-19,DELIVERED
1316,623,2024-12-17,DELIVERED
1317,623,2024-12-13,DELIVERED
1318,623,2024-11-23,DELIVERED
1319,624,2022-01-21,DELIVERED
1320,625,2024-06-14,DELIVERED
1321,625,2024-10-23,DELIVERED
1322,626,2024-06-25,DELIVERED
1323,627,2024-08-23,DELIVERED
1324,628,2024-06-07,DELIVERED
1325,629,2023-11-17,DELIVERED
1326,629,2024-04-05,CANCELLED
1327,630,2022-10-29,DELIVERED
1328,630,2024-04-03,DELIVERED
1329,630,2023-02-02,DELIVERED
1330,630,2022-11-10,DELIVERED
1331,630,2023-11-10,DELIVERED
1332,631,2022-11-27,DELIVERED
1333,632,2021-11-03,DELIVERED
1334,633,2024-12-02,DELIVERED
1335,633,2024-06-28,DELIVERED
1336,634,2023-01-07,DELIVERED
1337,635,2023-07-03,DELIVERED
1338,636,2024-12-09,DELIVERED
1339,637,2024-11-21,CANCELLED
1340,638,2024-01-23,DELIVERED
1341,639,2024-09-02,DELIVERED
1342,639,2024-08-15,DELIVERED
1343,639,2024-06-22,DELIVERED
1344,640,2024-12-06,DELIVERED
1345,641,2024-09-08,DELIVERED
1346,642,2024-12-23,DELIVERED
1347,642,2024-06-04,DELIVERED
1348,643,2022-11-23,DELIVERED
1349,643,2024-10-14,DELIVERED
1350,644,2023-02-22,DELIVERED
1351,644,2024-01-22,DELIVERED
1352,645,2023-10-16,CANCELLED
1353,645,2021-10-29,DELIVERED
1354,646,2024-12-08,DELIVERED
1355,647,2023-04-01,DELIVERED
1356,648,2024-08-13,DELIVERED
1357,648,2024-03-11,DELIVERED
1358,648,2024-12-16,DELIVERED
1359,648,2024-05-01,DELIVERED
1360,648,2023-08-29,DELIVERED
1361,649,2024-10-05,DELIVERED
1362,650,2023-11-23,DELIVERED
1363,651,2024-01-26,DELIVERED
1364,651,2024-10-27,DELIVERED
1365,651,2023-10-12,DELIVERED
1366,651,2024-06-13,DELIVERED
1367,651,2023-01-20,DELIVERED
1368,652,2021-11-18,DELIVERED
1369,653,2023-12-16,DELIVERED
1370,653,2023-10-27,CANCELLED
1371,653,2024-12-28,DELIVERED
1372,653,2024-06-29,DELIVERED
1373,653,2023-11-19,DELIVERED
1374,654,2024-10-08,CANCELLED
1375,654,2024-11-06,DELIVERED
1376,655,2024-03-04,DELIVERED
1377,655,2024-09-18,DELIVERED
1378,656,2024-10-23,CANCELLED
1379,657,2024-05-15,DELIVERED
1380,657,2024-11-28,DELIVERED
1381,658,2023-01-05,DELIVERED
1382,659,2024-11-07,DELIVERED
1383,660,2024-11-15,DELIVERED
1384,660,2024-02-17,DELIVERED
1385,661,2024-07-26,DELIVERED
1386,661,2024-10-13,DELIVERED
1387,661,2024-05-27,DELIVERED
1388,662,2024-12-03,DELIVERED
1389,663,2022-01-12,DELIVERED
1390,664,2024-11-21,CANCELLED
1391,665,2023-11-26,DELIVERED
1392,665,2024-09-09,DELIVERED
1393,665,2024-05-19,DELIVERED
1394,666,2022-08-12,DELIVERED
1395,666,2023-05-03,DELIVERED
1396,667,2023-10-01,DELIVERED
1397,668,2024-10-10,DELIVERED
1398,669,2024-11-30,DELIVERED
1399,669,2024-11-28,DELIVERED
1400,669,2024-11-11,DELIVERED
1401,670,2024-12-10,DELIVERED
1402,671,2024-03-10,DELIVERED
1403,672,2023-05-01,DELIVERED
1404,672,2024-03-29,DELIVERED
1405,672,2024-08-15,DELIVERED
1406,673,2024-10-22,CANCELLED
1407,674,2022-03-21,DELIVERED
1408,674,2021-07-28,DELIVERED
1409,674,2022-03-18,DELIVERED
1410,675,2023-12-21,DELIVERED
1411,675,2022-06-13,DELIVERED
1412,675,2023-11-07,DELIVERED
1413,675,2024-11-29,DELIVERED
1414,675,2024-03-03,DELIVERED
1415,676,2023-10-14,DELIVERED
1416,677,2023-10-02,DELIVERED
1417,677,2024-12-01,DELIVERED
1418,677,2023-03-16,DELIVERED
1419,677,2023-01-01,DELIVERED
1420,677,2024-11-21,DELIVERED
1421,678,2024-02-27,DELIVERED
1422,678,2024-10-08,DELIVERED
1423,679,2023-12-09,DELIVERED
1424,679,2024-04-18,DELIVERED
1425,679,2024-06-23,DELIVERED
1426,679,2024-06-19,DELIVERED
1427,679,2024-04-12,DELIVERED
1428,680,2024-04-04,DELIVERED
1429,680,2024-08-13,DELIVERED
1430,680,2024-06-09,CANCELLED
1431,681,2023-03-21,DELIVERED
1432,682,2024-12-24,DELIVERED
1433,683,2023-11-20,DELIVERED
1434,683,2023-12-20,DELIVERED
1435,684,2023-05-01,DELIVERED
1436,684,2022-11-28,DELIVERED
1437,685,2024-12-12,DELIVERED
1438,685,2024-09-13,CANCELLED
1439,685,2024-07-18,DELIVERED
1440,686,2024-12-19,DELIVERED
1441,686,2021-11-14,DELIVERED
1442,686,2022-06-18,DELIVERED
1443,686,2023-10-05,DELIVERED
1444,686,2024-04-26,DELIVERED
1445,686,2023-03-03,DELIVERED
1446,686,2023-03-10,DELIVERED
1447,686,2022-01-16,DELIVERED
1448,686,2023-08-15,DELIVERED
1449,686,2023-12-17,DELIVERED
1450,687,2022-01-29,DELIVERED
1451,687,2023-08-10,DELIVERED
1452,687,2022-11-18,DELIVERED
1453,688,2023-12-15,DELIVERED
1454,688,2024-06-20,DELIVERED
1455,688,2023-03-26,DELIVERED
1456,689,2022-04-09,DELIVERED
1457,690,2024-11-16,DELIVERED
1458,690,2024-09-04,DELIVERED
1459,690,2024-11-15,DELIVERED
1460,691,2024-06-18,DELIVERED
1461,691,2024-02-10,DELIVERED
1462,691,2024-05-04,DELIVERED
1463,692,2022-06-25,DELIVERED
1464,692,2023-03-11,DELIVERED
1465,692,2024-11-16,DELIVERED
1466,693,2024-09-17,DELIVERED
1467,694,2024-03-20,DELIVERED
1468,694,2024-10-04,DELIVERED
1469,695,2024-11-06,DELIVERED
1470,696,2024-03-22,CANCELLED
1471,697,2024-09-20,DELIVERED
1472,697,2025-01-01,DELIVERED
1473,698,2024-08-26,DELIVERED
1474,699,2024-05-10,DELIVERED
1475,700,2021-11-14,DELIVERED
1476,700,2022-09-07,DELIVERED
1477,700,2022-09-12,DELIVERED
1478,701,2024-12-16,DELIVERED
1479,701,2024-08-05,DELIVERED
1480,702,2023-08-20,DELIVERED
1481,703,2023-10-21,DELIVERED
1482,704,2024-02-17,CANCELLED
1483,704,2024-12-11,DELIVERED
1484,705,2024-08-23,DELIVERED
1485,705,2024-10-02,DELIVERED
1486,705,2024-11-05,DELIVERED
1487,706,2024-02-06,DELIVERED
1488,706,2024-09-10,DELIVERED
1489,706,2023-01-30,DELIVERED
1490,706,2024-12-21,DELIVERED
1491,706,2024-10-20,DELIVERED
1492,707,2024-04-05,DELIVERED
1493,707,2024-01-30,DELIVERED
1494,707,2024-09-09,CANCELLED
1495,708,2024-10-31,DELIVERED
1496,709,2023-06-29,DELIVERED
1497,710,2023-09-05,DELIVERED
1498,710,2023-10-26,DELIVERED
1499,710,2023-10-12,DELIVERED
1500,710,2023-09-22,DELIVERED
1501,710,2024-01-27,DELIVERED
1502,711,2023-06-16,DELIVERED
1503,711,2022-06-10,CANCELLED
1504,711,2023-04-28,DELIVERED
1505,712,2023-05-19,DELIVERED
1506,713,2024-09-17,DELIVERED
1507,714,2024-06-26,DELIVERED
1508,715,2024-07-05,DELIVERED
1509,716,2024-01-21,DELIVERED
1510,717,2023-06-19,DELIVERED
1511,718,2024-05-22,DELIVERED
1512,718,2023-07-21,DELIVERED
1513,719,2023-10-14,DELIVERED
1514,719,2024-07-31,DELIVERED
1515,720,2022-10-19,DELIVERED
1516,720,2023-12-19,DELIVERED
1517,720,2022-06-26,DELIVERED
1518,721,2024-02-14,DELIVERED
1519,722,2024-09-27,DELIVERED
1520,723,2024-09-07,DELIVERED
1521,724,2022-01-05,DELIVERED
1522,724,2024-12-10,DELIVERED
1523,724,2021-11-30,DELIVERED
1524,724,2022-01-24,DELIVERED
1525,724,2023-08-31,DELIVERED
1526,724,2024-06-23,DELIVERED
1527,724,2022-04-03,DELIVERED
1528,724,2023-04-14,DELIVERED
1529,724,2023-05-08,DELIVERED
1530,724,2022-02-22,DELIVERED
1531,725,2024-08-23,DELIVERED
1532,725,2024-12-24,DELIVERED
1533,725,2024-10-02,DELIVERED
1534,726,2024-03-20,DELIVERED
1535,727,2024-09-03,DELIVERED
1536,727,2024-12-21,DELIVERED
1537,727,2024-11-10,DELIVERED
1538,728,2024-02-14,DELIVERED
1539,728,2024-09-28,DELIVERED
1540,729,2024-03-26,DELIVERED
1541,729,2024-10-05,DELIVERED
1542,730,2023-01-02,DELIVERED
1543,731,2022-03-23,DELIVERED
1544,732,2024-12-24,DELIVERED
1545,732,2024-12-29,DELIVERED
1546,732,2024-12-21,DELIVERED
1547,732,2025-01-01,DELIVERED
1548,732,2024-12-16,DELIVERED
1549,733,2023-04-20,DELIVERED
1550,734,2024-03-24,DELIVERED
1551,735,2021-12-25,DELIVERED
1552,736,2024-10-03,DELIVERED
1553,736,2024-10-06,DELIVERED
1554,736,2022-06-12,DELIVERED
1555,736,2022-05-06,DELIVERED
1556,736,2021-11-20,DELIVERED
1557,736,2021-09-06,DELIVERED
1558,736,2024-11-11,DELIVERED
1559,736,2024-12-30,DELIVERED
1560,736,2023-11-12,DELIVERED
1561,736,2024-08-31,DELIVERED
1562,737,2024-05-22,DELIVERED
1563,738,2024-05-09,DELIVERED
1564,739,2022-12-02,DELIVERED
1565,739,2023-09-02,DELIVERED
1566,740,2024-06-16,DELIVERED
1567,740,2024-09-27,DELIVERED
1568,740,2024-11-17,DELIVERED
1569,740,2024-05-11,DELIVERED
1570,740,2024-05-21,DELIVERED
1571,741,2024-11-01,DELIVERED
1572,742,2022-05-12,DELIVERED
1573,743,2024-06-23,DELIVERED
1574,743,2022-06-08,DELIVERED
1575,743,2022-02-08,DELIVERED
1576,743,2021-08-29,DELIVERED
1577,743,2022-01-13,DELIVERED
1578,743,2024-10-12,DELIVERED
1579,743,2024-03-13,DELIVERED
1580,743,2021-04-28,DELIVERED
1581,743,2024-02-05,DELIVERED
1582,743,2023-08-09,DELIVERED
1583,744,2024-06-28,DELIVERED
1584,744,2021-10-26,DELIVERED
1585,744,2023-01-15,DELIVERED
1586,744,2021-10-14,DELIVERED
1587,744,2022-10-25,DELIVERED
1588,745,2024-12-08,DELIVERED
1589,746,2022-06-30,DELIVERED
1590,746,2024-08-23,DELIVERED
1591,747,2023-12-22,DELIVERED
1592,748,2023-08-13,DELIVERED
1593,749,2024-02-23,DELIVERED
1594,749,2023-07-04,DELIVERED
1595,749,2024-12-25,DELIVERED
1596,750,2022-10-07,DELIVERED
1597,750,2022-01-04,DELIVERED
1598,750,2023-01-18,DELIVERED
1599,750,2024-12-03,DELIVERED
1600,750,2021-11-03,DELIVERED
1601,751,2024-12-24,DELIVERED
1602,751,2024-09-24,DELIVERED
1603,752,2023-10-13,DELIVERED
1604,752,2024-09-22,DELIVERED
1605,752,2024-07-11,DELIVERED
1606,753,2023-07-22,DELIVERED
1607,754,2024-06-23,DELIVERED
1608,755,2024-06-15,DELIVERED
1609,756,2024-12-15,DELIVERED
1610,757,2024-01-05,DELIVERED
1611,758,2024-02-07,DELIVERED
1612,758,2023-10-31,DELIVERED
1613,759,2024-11-07,DELIVERED
1614,759,2024-10-05,DELIVERED
1615,760,2021-02-11,DELIVERED
1616,761,2023-04-28,DELIVERED
1617,762,2024-07-11,DELIVERED
1618,762,2024-11-26,DELIVERED
1619,762,2024-07-04,DELIVERED
1620,763,2024-11-03,DELIVERED
1621,763,2023-09-11,DELIVERED
1622,763,2022-10-19,DELIVERED
1623,764,2024-07-13,DELIVERED
1624,764,2024-03-19,DELIVERED
1625,765,2024-10-10,DELIVERED
1626,765,2024-11-07,DELIVERED
1627,766,2024-09-10,DELIVERED
1628,767,2024-12-09,DELIVERED
1629,768,2023-12-28,DELIVERED
1630,769,2024-07-19,DELIVERED
1631,770,2023-07-20,DELIVERED
1632,770,2024-09-18,DELIVERED
1633,771,2023-09-11,DELIVERED
1634,772,2024-06-18,DELIVERED
1635,772,2024-07-21,DELIVERED
1636,773,2024-10-19,CANCELLED
1637,774,2024-12-08,DELIVERED
1638,775,2024-06-29,DELIVERED
1639,776,2024-11-12,DELIVERED
1640,777,2022-06-29,DELIVERED
1641,777,2024-08-15,DELIVERED
1642,777,2023-01-19,DELIVERED
1643,777,2024-09-02,DELIVERED
1644,777,2024-07-31,DELIVERED
1645,778,2023-12-28,DELIVERED
1646,779,2024-10-28,DELIVERED
1647,780,2022-11-08,DELIVERED
1648,780,2023-03-25,CANCELLED
1649,780,2022-03-07,DELIVERED
1650,780,2022-03-05,DELIVERED
1651,780,2021-11-09,DELIVERED
1652,781,2024-12-25,CANCELLED
1653,781,2022-04-25,DELIVERED
1654,781,2024-05-30,CANCELLED
1655,782,2024-09-25,DELIVERED
1656,783,2023-04-06,DELIVERED
1657,784,2024-10-15,DELIVERED
1658,785,2024-07-02,DELIVERED
1659,786,2024-11-09,DELIVERED
1660,786,2024-12-15,DELIVERED
1661,786,2024-12-15,DELIVERED
1662,787,2024-10-25,DELIVERED
1663,788,2024-10-02,DELIVERED
1664,789,2022-06-29,DELIVERED
1665,789,2023-09-17,DELIVERED
1666,789,2023-11-10,DELIVERED
1667,789,2022-11-29,DELIVERED
1668,789,2024-12-18,DELIVERED
1669,790,2024-12-13,DELIVERED
1670,790,2024-12-03,DELIVERED
1671,791,2023-08-24,DELIVERED
1672,791,2023-10-01,DELIVERED
1673,791,2023-10-10,DELIVERED
1674,791,2022-08-06,DELIVERED
1675,791,2023-06-16,DELIVERED
1676,791,2023-05-13,DELIVERED
1677,791,2023-10-02,DELIVERED
1678,791,2022-05-16,DELIVERED
1679,791,2024-03-14,DELIVERED
1680,791,2023-01-05,DELIVERED
1681,792,2024-12-18,DELIVERED
1682,792,2024-11-05,DELIVERED
1683,792,2024-04-22,DELIVERED
1684,792,2024-07-03,DELIVERED
1685,792,2023-01-19,DELIVERED
1686,793,2024-12-30,DELIVERED
1687,793,2024-09-25,DELIVERED
1688,793,2024-12-13,DELIVERED
1689,794,2023-06-19,CANCELLED
1690,794,2023-07-09,DELIVERED
1691,794,2024-08-08,DELIVERED
1692,795,2024-09-21,DELIVERED
1693,795,2022-05-16,DELIVERED
1694,795,2024-04-06,DELIVERED
1695,795,2023-07-25,DELIVERED
1696,795,2021-10-11,DELIVERED
1697,795,2022-10-12,DELIVERED
1698,795,2024-04-14,DELIVERED
1699,795,2022-11-07,DELIVERED
1700,795,2021-11-26,DELIVERED
1701,795,2023-01-13,DELIVERED
1702,796,2023-10-31,DELIVERED
1703,796,2023-06-14,CANCELLED
1704,797,2022-11-15,DELIVERED
1705,798,2024-02-12,DELIVERED
1706,798,2022-10-27,CANCELLED
1707,798,2023-09-11,DELIVERED
1708,799,2024-09-06,DELIVERED
1709,800,2024-05-09,DELIVERED
1710,801,2023-12-09,DELIVERED
1711,801,2024-03-01,DELIVERED
1712,801,2024-02-15,DELIVERED
1713,802,2024-11-06,DELIVERED
1714,803,2024-11-05,DELIVERED
1715,803,2024-11-05,DELIVERED
1716,803,2024-12-14,DELIVERED
1717,803,2024-11-23,DELIVERED
1718,803,2024-11-09,DELIVERED
1719,804,2024-09-22,DELIVERED
1720,805,2024-11-12,DELIVERED
1721,806,2023-04-27,DELIVERED
1722,807,2023-07-05,DELIVERED
1723,807,2023-01-03,CANCELLED
1724,807,2024-02-22,DELIVERED
1725,807,2024-02-26,DELIVERED
1726,807,2024-01-30,DELIVERED
1727,808,2024-08-16,DELIVERED
1728,809,2021-11-08,DELIVERED
1729,809,2024-04-25,DELIVERED
1730,809,2022-10-30,DELIVERED
1731,810,2023-02-23,DELIVERED
1732,810,2022-04-15,DELIVERED
1733,810,2023-12-07,DELIVERED
1734,811,2024-10-26,DELIVERED
1735,811,2024-10-13,DELIVERED
1736,812,2023-10-13,DELIVERED
1737,813,2024-12-02,DELIVERED
1738,814,2024-11-30,DELIVERED
1739,815,2024-11-28,CANCELLED
1740,815,2024-09-12,DELIVERED
1741,815,2024-11-15,CANCELLED
1742,816,2024-03-06,DELIVERED
1743,817,2023-07-24,DELIVERED
1744,818,2023-01-27,DELIVERED
1745,818,2023-04-03,DELIVERED
1746,818,2022-10-28,DELIVERED
1747,819,2025-01-01,DELIVERED
1748,820,2023-08-01,DELIVERED
1749,821,2023-01-08,CANCELLED
1750,821,2022-09-04,DELIVERED
1751,821,2022-11-18,DELIVERED
1752,822,2024-03-04,DELIVERED
1753,823,2024-03-28,DELIVERED
1754,824,2023-11-28,DELIVERED
1755,824,2024-03-21,DELIVERED
1756,824,2024-09-26,DELIVERED
1757,824,2024-07-02,DELIVERED
1758,824,2023-11-23,DELIVERED
1759,824,2024-12-04,DELIVERED
1760,824,2024-12-01,DELIVERED
1761,824,2024-12-01,DELIVERED
1762,824,2024-03-01,DELIVERED
1763,824,2024-01-11,DELIVERED
1764,825,2024-01-30,DELIVERED
1765,825,2024-08-08,DELIVERED
1766,826,2024-12-06,DELIVERED
1767,826,2024-08-28,DELIVERED
1768,826,2024-10-24,DELIVERED
1769,827,2023-05-25,DELIVERED
1770,828,2023-11-06,DELIVERED
1771,829,2022-11-11,DELIVERED
1772,830,2023-10-23,DELIVERED
1773,830,2024-11-13,DELIVERED
1774,831,2021-10-03,DELIVERED
1775,832,2024-10-14,DELIVERED
1776,833,2024-02-16,DELIVERED
1777,834,2022-12-26,DELIVERED
1778,835,2024-09-16,DELIVERED
1779,836,2023-03-26,DELIVERED
1780,836,2023-06-28,DELIVERED
1781,837,2022-10-26,DELIVERED
1782,838,2024-02-16,DELIVERED
1783,838,2023-10-25,DELIVERED
1784,838,2024-05-10,DELIVERED
1785,839,2024-12-19,DELIVERED
1786,840,2024-12-04,CANCELLED
1787,841,2021-11-21,DELIVERED
1788,842,2024-12-15,DELIVERED
1789,843,2024-05-05,DELIVERED
1790,843,2024-02-27,DELIVERED
1791,844,2024-12-20,DELIVERED
1792,845,2024-01-08,CANCELLED
1793,845,2023-06-19,DELIVERED
1794,846,2024-09-15,DELIVERED
1795,846,2024-11-13,DELIVERED
1796,846,2024-12-24,DELIVERED
1797,846,2024-11-19,DELIVERED
1798,846,2024-11-22,DELIVERED
1799,847,2022-10-04,DELIVERED
1800,848,2024-01-14,DELIVERED
1801,848,2024-07-28,DELIVERED
1802,848,2023-10-28,DELIVERED
1803,848,2023-12-07,DELIVERED
1804,848,2024-11-08,DELIVERED
1805,849,2023-11-15,DELIVERED
1806,850,2022-11-07,DELIVERED
1807,850,2024-05-30,DELIVERED
1808,850,2024-04-21,DELIVERED
1809,851,2023-06-18,DELIVERED
1810,852,2024-11-15,DELIVERED
1811,853,2024-09-10,DELIVERED
1812,854,2024-05-20,DELIVERED
1813,854,2022-12-03,DELIVERED
1814,855,2023-02-27,DELIVERED
1815,855,2023-07-29,DELIVERED
1816,856,2024-03-18,DELIVERED
1817,856,2022-10-16,DELIVERED
1818,857,2024-04-06,DELIVERED
1819,858,2021-03-28,DELIVERED
1820,859,2022-08-28,DELIVERED
1821,860,2024-04-14,DELIVERED
1822,861,2024-01-19,DELIVERED
1823,861,2024-07-21,DELIVERED
1824,861,2023-10-24,DELIVERED
1825,862,2022-04-25,DELIVERED
1826,863,2024-05-05,DELIVERED
1827,864,2023-08-19,DELIVERED
1828,865,2024-01-09,DELIVERED
1829,865,2024-05-30,DELIVERED
1830,866,2024-09-19,DELIVERED
1831,866,2021-07-28,DELIVERED
1832,866,2024-05-02,DELIVERED
1833,866,2024-03-05,DELIVERED
1834,866,2022-01-05,DELIVERED
1835,867,2023-08-16,CANCELLED
1836,868,2024-02-19,DELIVERED
1837,869,2024-12-19,DELIVERED
1838,869,2024-08-06,DELIVERED
1839,869,2024-12-05,DELIVERED
1840,870,2022-02-07,DELIVERED
1841,871,2024-11-17,DELIVERED
1842,871,2024-08-10,DELIVERED
1843,871,2024-07-11,DELIVERED
1844,872,2024-10-12,DELIVERED
1845,873,2024-05-04,CANCELLED
1846,873,2024-01-21,DELIVERED
1847,874,2023-09-22,DELIVERED
1848,875,2022-05-15,DELIVERED
1849,875,2024-07-13,DELIVERED
1850,875,2023-05-31,DELIVERED
1851,876,2024-08-01,DELIVERED
1852,877,2024-12-18,DELIVERED
1853,878,2023-05-05,DELIVERED
1854,879,2024-11-08,DELIVERED
1855,880,2022-09-02,CANCELLED
1856,880,2024-07-04,DELIVERED
1857,880,2022-11-15,CANCELLED
1858,880,2023-07-20,DELIVERED
1859,880,2024-10-18,CANCELLED
1860,881,2024-11-26,DELIVERED
1861,882,2023-10-28,DELIVERED
1862,883,2023-06-06,DELIVERED
1863,884,2024-12-20,DELIVERED
1864,884,2024-10-25,DELIVERED
1865,884,2024-06-09,DELIVERED
1866,885,2024-09-24,DELIVERED
1867,885,2024-09-07,DELIVERED
1868,886,2024-09-10,DELIVERED
1869,887,2023-02-19,DELIVERED
1870,887,2024-09-25,DELIVERED
1871,887,2024-07-31,DELIVERED
1872,887,2023-06-12,DELIVERED
1873,887,2024-07-28,DELIVERED
1874,888,2023-09-12,DELIVERED
1875,889,2024-05-14,DELIVERED
1876,889,2024-10-04,DELIVERED
1877,890,2022-05-11,DELIVERED
1878,890,2022-12-23,DELIVERED
1879,890,2023-07-02,DELIVERED
1880,890,2023-03-28,DELIVERED
1881,890,2021-10-21,DELIVERED
1882,891,2024-03-24,DELIVERED
1883,892,2023-08-03,DELIVERED
1884,893,2024-10-21,DELIVERED
1885,894,2024-10-19,DELIVERED
1886,895,2024-05-12,DELIVERED
1887,896,2023-06-08,CANCELLED
1888,896,2024-03-23,DELIVERED
1889,896,2023-02-09,DELIVERED
1890,897,2024-09-20,CANCELLED
1891,898,2024-08-22,CANCELLED
1892,899,2024-08-11,DELIVERED
1893,899,2024-01-26,CANCELLED
1894,899,2024-08-28,DELIVERED
1895,899,2024-11-07,DELIVERED
1896,899,2024-01-01,DELIVERED
1897,899,2024-07-15,DELIVERED
1898,899,2024-11-08,DELIVERED
1899,899,2024-03-17,DELIVERED
1900,899,2024-05-11,CANCELLED
1901,899,2024-06-18,DELIVERED
1902,900,2024-12-12,DELIVERED
1903,900,2024-11-09,CANCELLED
1904,900,2024-11-07,CANCELLED
1905,901,2023-07-31,CANCELLED
1906,902,2023-11-29,DELIVERED
1907,902,2024-11-07,DELIVERED
1908,902,2024-08-14,DELIVERED
1909,903,2022-09-14,DELIVERED
1910,904,2023-11-01,DELIVERED
1911,904,2024-02-26,DELIVERED
1912,905,2024-06-03,DELIVERED
1913,905,2024-04-09,DELIVERED
1914,905,2024-10-23,DELIVERED
1915,906,2024-05-28,CANCELLED
1916,907,2024-06-18,DELIVERED
1917,908,2024-12-30,DELIVERED
1918,909,2024-11-16,DELIVERED
1919,909,2024-11-03,DELIVERED
1920,909,2024-11-26,DELIVERED
1921,910,2022-03-19,DELIVERED
1922,911,2022-11-18,DELIVERED
1923,911,2024-02-28,DELIVERED
1924,912,2024-02-23,DELIVERED
1925,913,2023-07-12,DELIVERED
1926,913,2023-09-05,DELIVERED
1927,913,2024-08-04,DELIVERED
1928,913,2024-12-14,DELIVERED
1929,913,2024-06-28,DELIVERED
1930,913,2023-07-09,DELIVERED
1931,913,2023-06-14,CANCELLED
1932,913,2024-01-04,DELIVERED
1933,913,2023-11-23,DELIVERED
1934,913,2024-04-23,DELIVERED
1935,914,2024-08-24,DELIVERED
1936,915,2024-07-30,DELIVERED
1937,916,2023-08-17,DELIVERED
1938,917,2023-03-08,DELIVERED
1939,917,2023-04-10,DELIVERED
1940,917,2024-06-20,DELIVERED
1941,917,2024-09-14,DELIVERED
1942,917,2023-12-13,DELIVERED
1943,918,2023-05-14,DELIVERED
1944,919,2024-12-02,CANCELLED
1945,920,2023-03-19,DELIVERED
1946,920,2023-07-18,DELIVERED
1947,921,2024-05-30,DELIVERED
1948,922,2024-11-21,DELIVERED
1949,923,2024-06-07,CANCELLED
1950,923,2024-07-26,DELIVERED
1951,923,2024-11-20,DELIVERED
1952,924,2024-05-27,DELIVERED
1953,924,2023-10-02,DELIVERED
1954,924,2023-07-01,DELIVERED
1955,925,2022-02-26,DELIVERED
1956,925,2024-10-30,DELIVERED
1957,926,2024-09-02,DELIVERED
1958,926,2024-10-18,DELIVERED
1959,926,2024-06-21,DELIVERED
1960,927,2022-08-12,DELIVERED
1961,927,2021-11-11,DELIVERED
1962,927,2023-09-05,DELIVERED
1963,927,2023-01-01,DELIVERED
1964,927,2021-08-30,DELIVERED
1965,928,2022-11-28,DELIVERED
1966,928,2022-07-06,DELIVERED
1967,929,2023-12-14,DELIVERED
1968,930,2024-10-13,DELIVERED
1969,931,2024-03-22,DELIVERED
1970,932,2024-11-23,DELIVERED
1971,933,2024-03-17,DELIVERED
1972,934,2023-03-05,DELIVERED
1973,935,2024-03-15,DELIVERED
1974,935,2021-05-21,DELIVERED
1975,935,2021-09-07,DELIVERED
1976,935,2021-10-21,DELIVERED
1977,935,2024-05-19,DELIVERED
1978,935,2022-11-23,DELIVERED
1979,935,2024-06-08,CANCELLED
1980,935,2024-07-26,DELIVERED
1981,935,2023-04-02,DELIVERED
1982,935,2023-04-01,DELIVERED
1983,936,2024-11-10,DELIVERED
1984,936,2024-02-08,DELIVERED
1985,936,2024-01-13,DELIVERED
1986,937,2024-11-07,DELIVERED
1987,937,2023-09-13,DELIVERED
1988,938,2024-05-30,DELIVERED
1989,939,2024-12-31,CANCELLED
1990,939,2024-12-25,DELIVERED
1991,939,2024-12-29,DELIVERED
1992,940,2022-12-02,DELIVERED
1993,940,2024-03-21,DELIVERED
1994,941,2023-08-28,DELIVERED
1995,942,2022-07-24,DELIVERED
1996,943,2023-10-08,CANCELLED
1997,943,2024-12-22,DELIVERED
1998,944,2024-04-11,DELIVERED
1999,945,2023-06-16,DELIVERED
2000,946,2023-05-21,DELIVERED
2001,946,2024-06-30,DELIVERED
2002,946,2023-10-12,DELIVERED
2003,947,2024-12-24,CANCELLED
2004,948,2024-10-18,DELIVERED
2005,948,2022-12-23,DELIVERED
2006,948,2024-01-21,DELIVERED
2007,949,2023-04-19,DELIVERED
2008,949,2024-05-04,DELIVERED
2009,949,2023-11-23,DELIVERED
2010,949,2022-07-19,DELIVERED
2011,949,2023-02-01,DELIVERED
2012,950,2024-01-23,DELIVERED
2013,951,2024-03-28,CANCELLED
2014,952,2024-04-04,DELIVERED
2015,952,2024-08-11,DELIVERED
2016,952,2023-01-17,DELIVERED
2017,953,2024-10-01,DELIVERED
2018,953,2023-09-23,DELIVERED
2019,953,2024-02-15,DELIVERED
2020,953,2023-08-04,DELIVERED
2021,953,2024-06-21,DELIVERED
2022,954,2023-05-25,DELIVERED
2023,955,2022-08-15,DELIVERED
2024,955,2023-02-07,DELIVERED
2025,955,2023-08-24,CANCELLED
2026,956,2023-07-26,DELIVERED
2027,957,2024-04-05,DELIVERED
2028,957,2024-04-25,DELIVERED
2029,958,2024-03-22,DELIVERED
2030,958,2024-07-30,DELIVERED
2031,958,2024-07-23,DELIVERED
2032,958,2024-08-12,DELIVERED
2033,958,2024-05-04,DELIVERED
2034,959,2023-10-10,DELIVERED
2035,959,2023-06-15,DELIVERED
2036,959,2021-12-17,DELIVERED
2037,960,2024-02-09,DELIVERED
2038,960,2023-01-20,DELIVERED
2039,960,2023-11-21,DELIVERED
2040,961,2023-07-03,DELIVERED
2041,961,2023-09-23,DELIVERED
2042,961,2022-12-20,DELIVERED
2043,962,2024-05-31,DELIVERED
2044,962,2023-07-24,DELIVERED
2045,963,2024-11-08,DELIVERED
2046,963,2024-11-09,DELIVERED
2047,963,2024-12-18,DELIVERED
2048,963,2024-11-10,DELIVERED
2049,963,2024-11-15,DELIVERED
2050,964,2024-07-29,DELIVERED
2051,965,2024-01-25,DELIVERED
2052,965,2023-11-26,DELIVERED
2053,966,2024-09-17,DELIVERED
2054,967,2024-03-04,DELIVERED
2055,967,2024-03-28,DELIVERED
2056,967,2024-10-03,DELIVERED
2057,968,2024-01-25,DELIVERED
2058,969,2024-06-24,CANCELLED
2059,970,2023-11-14,DELIVERED
2060,970,2023-11-27,DELIVERED
2061,971,2021-10-17,DELIVERED
2062,972,2024-02-13,DELIVERED
2063,972,2024-11-25,DELIVERED
2064,972,2024-01-31,DELIVERED
2065,973,2023-11-20,CANCELLED
2066,974,2024-12-05,DELIVERED
2067,975,2023-09-24,CANCELLED
2068,976,2024-04-22,DELIVERED
2069,977,2023-09-12,DELIVERED
2070,977,2024-12-05,DELIVERED
2071,978,2023-12-20,DELIVERED
2072,979,2024-04-13,DELIVERED
2073,980,2024-01-28,DELIVERED
2074,981,2024-12-25,DELIVERED
2075,982,2024-09-11,DELIVERED
2076,982,2023-11-09,DELIVERED
2077,982,2024-06-17,DELIVERED
2078,982,2023-08-07,CANCELLED
2079,982,2024-07-08,DELIVERED
2080,983,2024-01-03,DELIVERED
2081,984,2024-12-15,DELIVERED
2082,984,2024-12-10,DELIVERED
2083,985,2024-12-09,CANCELLED
2084,986,2022-12-01,DELIVERED
2085,987,2024-05-13,DELIVERED
2086,987,2024-09-11,DELIVERED
2087,988,2024-09-06,DELIVERED
2088,989,2024-04-07,CANCELLED
2089,989,2024-06-10,DELIVERED
2090,989,2023-01-07,DELIVERED
2091,990,2024-10-10,DELIVERED
2092,990,2024-05-04,DELIVERED
2093,990,2024-06-21,DELIVERED
2094,990,2023-11-09,DELIVERED
2095,990,2024-08-25,DELIVERED
2096,991,2022-01-27,DELIVERED
2097,991,2024-04-21,DELIVERED
2098,992,2024-02-26,DELIVERED
2099,992,2023-05-06,DELIVERED
2100,993,2024-08-10,DELIVERED
2101,993,2022-09-13,DELIVERED
2102,993,2022-09-17,DELIVERED
2103,993,2024-07-26,DELIVERED
2104,993,2023-04-08,CANCELLED
2105,994,2023-11-16,DELIVERED
2106,995,2024-10-15,DELIVERED
2107,996,2024-09-18,DELIVERED
2108,996,2024-11-15,DELIVERED
2109,997,2024-03-22,DELIVERED
2110,998,2024-11-18,DELIVERED
2111,998,2024-08-20,DELIVERED
2112,999,2022-09-28,DELIVERED
2113,999,2023-10-03,DELIVERED
2114,1000,2023-03-02,DELIVERED
2115,1000,2023-01-08,DELIVERED
