order_item_id,order_id,product_id,quantity,item_price
1,1,1,2,24778.8
2,1,7,2,832.35
3,2,1,1,22692.86
4,3,1,1,23647.35
5,3,2,1,55292.07
6,3,2,1,58037.23
7,4,4,2,746.64
8,5,2,1,58937.9
9,5,2,1,55699.83
10,6,2,1,57700.7
11,6,2,1,55520.14
12,7,7,2,816.16
13,7,3,2,1885.5
14,7,5,1,4313.0
15,8,4,1,789.22
16,9,5,1,4349.91
17,9,2,2,58724.24
18,9,5,2,4333.61
19,10,1,2,24584.11
20,11,5,2,4342.2
21,12,4,2,753.55
22,12,2,1,55754.3
23,12,1,1,23997.11
24,13,2,2,57015.79
25,14,1,2,22570.78
26,15,5,1,4394.0
27,16,3,2,1881.76
28,17,2,1,54962.78
29,17,1,1,24466.31
30,17,2,2,57985.32
31,18,1,1,24566.22
32,18,5,1,4099.69
33,19,1,2,24811.4
34,20,1,2,23838.88
35,21,1,1,22691.59
36,22,1,1,23269.49
37,22,1,2,24523.31
38,23,5,2,4209.49
39,23,1,2,23178.75
40,24,4,1,728.21
41,25,1,1,24572.18
42,26,2,1,59152.9
43,27,2,1,56068.69
44,27,5,2,4386.76
45,28,1,2,23239.86
46,29,2,1,55075.52
47,30,2,1,56936.26
48,30,3,1,1833.06
49,31,3,2,1906.38
50,32,2,2,54968.18
51,32,3,1,1869.05
52,33,2,2,59345.13
53,34,7,2,867.12
54,35,1,2,23798.06
55,36,1,2,22917.33
56,36,2,1,56346.2
57,37,4,1,779.95
58,38,2,1,57341.27
59,39,1,2,24678.67
60,40,3,2,1940.43
61,40,2,1,55222.0
62,41,7,1,888.35
63,42,5,2,4475.3
64,42,3,2,1921.13
65,43,6,1,1132.69
66,44,2,1,55237.51
67,44,3,1,1952.96
68,44,2,1,55225.9
69,45,6,1,1173.18
70,46,1,1,22672.61
71,46,1,1,23520.3
72,47,1,1,24221.58
73,47,3,2,1976.31
74,48,4,1,762.85
75,48,3,1,1893.01
76,49,2,1,56910.57
77,49,5,1,4178.48
78,50,4,1,734.68
79,51,6,1,1138.12
80,51,4,1,726.06
81,52,2,2,54093.05
82,53,2,2,54401.84
83,54,1,2,22954.31
84,54,5,2,4485.63
85,55,1,1,24954.27
86,56,1,1,24509.54
87,57,1,2,24856.36
88,58,4,1,737.61
89,59,4,2,768.67
90,60,1,2,23660.6
91,60,2,2,54271.92
92,61,1,2,22520.91
93,62,6,2,1181.08
94,63,2,1,58826.97
95,64,1,1,22621.64
96,64,4,2,781.32
97,65,2,1,57126.44
98,66,7,2,856.62
99,67,1,1,23018.11
100,68,3,1,1833.98
101,68,1,1,23367.41
102,69,6,2,1188.99
103,70,2,1,56598.98
104,70,1,2,24722.82
105,71,4,2,780.66
106,72,2,1,58298.38
107,73,1,2,23971.26
108,74,2,1,55289.48
109,75,1,2,24310.86
110,76,1,2,22692.43
111,76,2,2,54801.9
112,77,6,1,1159.14
113,78,5,2,4297.2
114,78,2,1,55584.37
115,79,5,2,4151.27
116,79,6,2,1112.34
117,79,2,2,56778.69
118,80,1,1,23988.26
119,81,6,1,1173.21
120,82,2,2,58565.11
121,82,2,2,58720.25
122,83,2,2,56210.08
123,83,4,2,737.38
124,84,5,2,4065.15
125,85,2,1,58945.96
126,85,3,2,1807.8
127,86,2,2,56573.91
128,86,6,2,1186.57
129,87,2,1,56618.52
130,88,1,2,24612.18
131,88,1,1,24531.78
132,89,1,2,22737.29
133,89,2,2,59418.56
134,90,1,1,24516.66
135,90,1,2,22514.3
136,90,2,1,55448.98
137,91,4,1,745.45
138,92,1,1,23401.07
139,92,1,1,23515.03
140,92,2,2,55876.67
141,93,3,1,1803.15
142,93,2,1,58586.12
143,94,4,2,744.72
144,94,1,1,24592.8
145,95,4,1,795.07
146,95,4,1,789.15
147,96,2,1,54415.97
148,97,4,1,755.38
149,97,2,2,54830.61
150,98,1,2,23992.13
151,99,5,2,4217.17
152,99,2,2,57166.06
153,99,1,1,23673.21
154,100,4,2,771.96
155,101,3,2,1987.99
156,101,5,2,4074.01
157,102,1,2,23406.08
158,103,1,2,24854.23
159,103,3,1,1926.33
160,104,2,1,58182.81
161,105,4,2,764.38
162,105,3,1,1927.19
163,106,3,1,1840.83
164,107,1,2,24169.4
165,108,3,2,1812.12
166,108,2,2,58674.62
167,109,1,1,23633.95
168,109,1,2,24507.03
169,110,1,1,24097.58
170,110,1,2,23504.72
171,110,1,1,23961.25
172,111,2,2,59527.85
173,111,2,2,58443.39
174,112,4,1,724.16
175,113,2,2,55384.77
176,114,1,2,24702.43
177,114,1,2,24226.7
178,114,7,1,829.01
179,115,1,1,24208.63
180,115,7,1,876.37
181,116,1,1,22813.05
182,117,1,1,24743.41
183,118,2,1,57713.95
184,118,1,1,24618.47
185,119,1,2,23368.77
186,120,1,2,24542.43
187,121,1,2,23265.13
188,121,2,2,56313.59
189,122,4,2,733.45
190,123,2,2,55611.37
191,124,2,2,56630.74
192,125,3,1,1951.86
193,126,1,2,22521.77
194,126,1,1,24495.73
195,126,4,2,770.45
196,127,1,2,22824.2
197,128,1,1,23384.24
198,129,2,2,55263.04
199,130,2,1,58660.82
200,130,1,2,24661.65
201,131,5,1,4094.36
202,132,1,1,23908.52
203,132,2,2,54935.89
204,133,1,2,23763.77
205,134,7,1,810.28
206,135,4,1,726.58
207,136,2,1,56374.25
208,137,7,1,847.67
209,137,1,1,22976.81
210,138,7,2,870.05
211,139,1,1,22998.11
212,139,4,1,763.04
213,140,1,1,24412.9
214,140,3,2,1874.29
215,141,1,2,23677.17
216,142,2,2,56899.09
217,142,7,1,869.23
218,143,6,2,1128.82
219,144,1,2,23540.36
220,145,4,2,735.71
221,146,4,1,760.81
222,146,2,1,57475.89
223,146,1,2,24674.02
224,147,2,2,57315.97
225,148,1,2,23198.54
226,149,2,2,55111.62
227,150,1,2,23726.91
228,151,3,2,1857.14
229,152,7,2,860.29
230,152,1,2,22857.5
231,152,2,2,55516.79
232,153,1,2,22717.54
233,153,4,1,778.36
234,153,2,1,58775.56
235,154,2,1,54151.42
236,155,1,1,24685.18
237,156,7,2,877.65
238,157,2,2,58755.57
239,157,3,2,1875.31
240,158,3,2,1891.66
241,159,1,1,23234.87
242,160,4,1,723.2
243,161,1,2,24811.31
244,162,2,1,56808.41
245,162,3,1,1954.5
246,163,1,1,23718.16
247,163,7,2,856.16
248,164,4,1,781.56
249,164,1,1,24270.3
250,165,2,1,54182.78
251,166,1,1,24116.5
252,167,2,1,59463.63
253,168,1,1,22808.5
254,169,2,2,57306.96
255,169,1,2,24820.96
256,170,2,2,54149.83
257,170,3,2,1843.1
258,170,1,2,22624.04
259,171,5,2,4461.73
260,171,4,2,742.48
261,172,1,1,24026.93
262,173,2,1,58504.62
263,174,4,1,736.86
264,175,1,1,23914.45
265,176,1,2,23414.71
266,176,4,2,721.53
267,176,2,2,56586.67
268,177,2,1,55406.55
269,178,2,1,55993.23
270,179,2,2,59599.23
271,180,2,1,57920.3
272,181,1,2,24620.27
273,182,2,1,57037.98
274,182,5,2,4174.86
275,182,2,1,56038.62
276,183,5,2,4372.22
277,184,1,1,23589.11
278,184,2,1,55871.28
279,185,2,2,55878.98
280,186,5,2,4204.52
281,186,2,2,57246.02
282,187,2,2,56235.05
283,187,4,2,735.88
284,187,2,1,54554.16
285,188,4,2,741.84
286,189,5,1,4251.02
287,190,3,2,1801.01
288,191,2,1,58507.06
289,192,3,2,1835.44
290,192,1,2,24543.52
291,193,1,2,24460.52
292,193,7,1,829.12
293,194,5,2,4372.7
294,194,1,1,24711.47
295,195,3,1,1859.01
296,195,4,2,775.28
297,196,1,1,24324.28
298,197,1,1,23574.89
299,197,2,1,58934.97
300,197,1,1,24337.31
301,198,1,2,24205.38
302,199,3,2,1919.22
303,199,1,2,24080.6
304,199,6,2,1093.99
305,200,1,1,22613.12
306,201,1,1,24146.65
307,202,1,2,24682.55
308,202,1,2,24142.58
309,202,1,1,23527.14
310,203,3,2,1802.16
311,204,2,1,58679.93
312,204,2,2,57461.14
313,205,3,2,1818.43
314,206,2,1,54403.41
315,207,1,1,24249.26
316,208,1,1,23830.73
317,208,4,2,789.85
318,209,1,2,23240.89
319,209,6,1,1109.55
320,210,3,2,1851.93
321,211,6,1,1108.81
322,211,5,2,4072.66
323,211,2,2,54163.5
324,212,3,2,1845.3
325,213,2,1,54827.31
326,213,4,2,748.74
327,214,5,1,4084.4
328,214,5,1,4207.87
329,215,4,1,724.14
330,216,1,1,22711.72
331,217,3,2,1982.58
332,218,2,2,56285.95
333,219,4,2,780.95
334,219,5,1,4256.61
335,220,1,1,22541.89
336,221,1,2,24209.67
337,221,2,1,57610.09
338,222,1,2,23519.37
339,222,1,2,24135.4
340,222,2,2,59826.91
341,223,1,2,24612.16
342,224,3,2,1823.27
343,225,2,1,54264.24
344,225,6,1,1089.22
345,226,2,2,58088.12
346,227,2,2,58888.03
347,227,4,1,755.05
348,227,4,1,740.43
349,228,2,2,58500.17
350,229,3,2,1931.63
351,230,4,1,743.04
352,231,2,2,58963.81
353,232,1,1,23050.22
354,233,4,2,764.56
355,234,2,2,59812.05
356,235,2,1,55322.68
357,236,3,2,1892.92
358,236,2,1,57812.49
359,237,2,1,54548.24
360,237,6,2,1143.76
361,238,6,1,1127.79
362,238,2,2,58946.83
363,239,7,1,810.73
364,240,5,1,4244.09
365,240,2,2,58608.77
366,240,3,2,1850.23
367,241,5,2,4296.36
368,241,1,1,23271.17
369,242,1,2,24710.89
370,243,2,2,54038.27
371,244,2,2,55946.07
372,244,2,1,58370.23
373,244,4,1,788.58
374,245,2,1,59680.54
375,245,2,2,56293.51
376,246,7,1,899.13
377,246,1,1,24994.06
378,247,1,2,24220.11
379,248,1,1,22995.24
380,249,1,1,23056.69
381,250,1,2,24792.36
382,251,5,2,4126.92
383,251,1,2,23605.63
384,252,7,2,817.57
385,252,1,2,23351.36
386,253,1,1,24154.3
387,253,4,2,746.85
388,254,6,1,1082.84
389,255,5,1,4187.07
390,255,6,1,1107.78
391,256,2,2,54215.58
392,256,2,2,54303.73
393,257,2,1,54058.12
394,258,1,1,23958.13
395,258,2,2,58689.69
396,259,1,1,22600.65
397,260,1,1,23915.54
398,261,5,2,4173.86
399,262,1,1,24378.63
400,262,1,1,23436.8
401,263,1,2,22732.99
402,264,2,1,58833.89
403,265,2,2,55556.33
404,266,1,2,22738.4
405,267,1,1,24066.14
406,268,1,1,23027.81
407,269,2,1,59223.8
408,269,2,1,56652.64
409,270,5,2,4362.21
410,271,4,1,765.76
411,272,5,1,4459.86
412,272,1,1,22873.12
413,273,3,2,1881.54
414,274,1,2,22641.7
415,275,5,1,4201.89
416,276,2,1,57849.03
417,276,4,1,747.59
418,277,6,1,1115.67
419,278,1,1,24120.26
420,279,5,1,4421.73
421,279,2,1,57273.49
422,280,6,1,1098.76
423,281,1,1,22705.06
424,281,4,2,741.65
425,282,4,2,755.56
426,283,5,2,4489.78
427,284,6,2,1171.4
428,284,3,1,1973.22
429,285,3,1,1953.6
430,286,1,2,23568.72
431,287,2,1,57004.27
432,288,1,1,24836.08
433,288,2,1,55673.63
434,289,1,1,24448.79
435,290,3,2,1850.72
436,291,1,1,24979.91
437,292,3,2,1956.18
438,293,7,2,887.9
439,293,7,2,815.49
440,294,4,2,773.91
441,295,2,2,54910.65
442,295,1,1,23985.6
443,296,2,2,54032.43
444,296,4,2,754.32
445,297,1,1,22545.97
446,298,1,2,23083.33
447,299,2,1,57913.41
448,299,4,1,724.8
449,300,2,2,54732.04
450,301,1,1,24335.38
451,301,2,2,55100.71
452,302,2,2,55991.83
453,303,3,1,1924.55
454,304,4,2,722.23
455,304,2,2,58664.73
456,305,1,2,22936.62
457,305,2,1,57800.47
458,306,2,2,54302.5
459,306,2,2,57552.1
460,307,7,1,855.03
461,308,2,2,59038.92
462,309,1,2,24793.17
463,310,1,2,24628.99
464,311,2,2,57152.82
465,311,3,2,1998.88
466,311,2,2,58753.15
467,312,1,2,24036.21
468,312,2,2,55774.94
469,313,2,1,54490.0
470,314,1,1,24084.28
471,314,1,2,23605.92
472,314,3,2,1945.76
473,315,4,1,786.98
474,316,1,2,22836.44
475,317,1,1,23651.67
476,318,5,1,4096.55
477,319,5,2,4179.71
478,320,3,1,1800.01
479,321,2,1,57326.14
480,321,6,2,1081.55
481,322,1,2,24736.01
482,323,3,1,1902.89
483,323,1,2,24530.65
484,324,4,2,768.57
485,325,1,1,23474.75
486,326,4,2,727.73
487,327,1,1,24941.99
488,328,3,2,1974.72
489,329,1,2,23659.54
490,329,5,1,4197.12
491,329,1,1,23295.76
492,330,1,2,24205.48
493,331,5,1,4214.1
494,332,1,1,23946.23
495,332,2,2,57435.86
496,333,1,1,24682.15
497,334,4,2,727.4
498,335,1,1,22564.22
499,335,2,2,55845.18
500,336,4,1,788.0
501,337,2,2,57306.31
502,338,3,1,1895.7
503,339,7,2,879.44
504,340,3,2,1821.1
505,340,3,2,1894.83
506,341,2,1,57826.64
507,342,6,2,1142.79
508,342,2,1,58135.86
509,343,1,2,24132.37
510,344,1,1,24524.81
511,345,1,2,24734.09
512,346,3,1,1893.24
513,347,1,2,24426.12
514,348,2,1,59468.04
515,349,6,2,1190.89
516,350,1,1,24255.27
517,350,3,1,1993.31
518,350,3,2,1879.19
519,351,6,2,1116.87
520,351,2,2,59608.38
521,352,1,1,23294.96
522,353,1,1,23444.6
523,354,5,1,4084.53
524,355,2,1,57948.61
525,356,7,2,820.27
526,356,2,2,56404.23
527,356,4,1,756.17
528,357,6,2,1126.47
529,357,2,1,57698.57
530,357,2,2,57889.4
531,358,1,1,23537.4
532,359,1,1,24886.41
533,359,7,1,826.25
534,360,2,2,57490.42
535,361,4,2,743.79
536,362,1,2,22906.65
537,363,6,1,1163.78
538,363,1,2,23880.92
539,364,2,1,54591.57
540,365,4,2,784.24
541,366,1,1,24195.98
542,367,3,1,1879.26
543,368,2,2,57350.11
544,369,1,1,23989.2
545,369,7,1,857.13
546,370,7,2,862.8
547,371,1,2,23287.53
548,371,1,2,24075.23
549,372,1,2,23267.43
550,372,2,1,59645.28
551,373,7,2,898.9
552,374,7,2,874.99
553,375,6,2,1136.34
554,376,6,2,1192.31
555,377,1,1,22872.85
556,377,1,2,24876.33
557,378,2,1,59243.25
558,379,1,1,23200.84
559,380,4,1,768.83
560,381,2,2,54327.39
561,382,3,1,1891.87
562,383,5,2,4249.16
563,383,3,1,1839.38
564,384,2,1,57528.0
565,385,2,1,54408.65
566,386,2,1,57788.75
567,387,1,1,22536.42
568,387,3,1,1991.59
569,388,2,2,56490.75
570,389,1,1,23929.02
571,390,3,2,1964.97
572,391,2,1,57140.41
573,391,3,2,1908.6
574,392,1,1,23604.58
575,393,1,1,24355.73
576,394,3,1,1810.23
577,395,5,1,4478.59
578,396,6,2,1180.7
579,396,2,2,56846.61
580,397,6,1,1088.54
581,398,4,1,799.57
582,399,3,2,1991.96
583,400,2,1,58666.87
584,401,1,2,23853.18
585,401,1,1,23627.98
586,402,2,2,59052.99
587,403,4,1,794.95
588,404,1,2,22808.21
589,404,5,2,4356.25
590,404,1,2,23395.35
591,405,1,1,24321.97
592,405,1,1,22856.39
593,405,7,1,818.2
594,406,7,1,810.38
595,407,1,1,23327.87
596,407,4,2,759.17
597,408,5,2,4310.83
598,409,3,1,1819.68
599,410,4,2,763.99
600,410,1,2,23288.41
601,410,1,2,23726.02
602,411,1,2,22947.58
603,412,1,2,23969.24
604,412,7,1,852.76
605,413,3,1,1887.41
606,413,3,1,1869.99
607,413,3,1,1968.75
608,414,2,2,59245.84
609,415,1,2,23724.68
610,415,1,1,23524.18
611,416,1,1,22541.69
612,416,4,1,746.74
613,416,1,1,23181.63
614,417,5,1,4424.68
615,417,2,1,54407.84
616,418,3,1,1938.41
617,419,1,1,23649.11
618,420,2,2,57117.67
619,420,2,2,54355.06
620,421,1,1,23490.0
621,421,1,2,22527.7
622,422,2,2,59277.61
623,422,7,2,821.48
624,423,6,2,1122.65
625,424,7,1,873.07
626,424,1,2,23394.53
627,425,3,1,1848.76
628,426,1,1,23883.68
629,426,1,1,23061.51
630,427,1,1,22563.0
631,428,7,2,813.9
632,429,2,1,58169.72
633,429,3,1,1882.48
634,430,3,2,1922.02
635,431,5,1,4192.79
636,432,5,2,4319.68
637,432,2,1,55096.51
638,432,4,2,720.52
639,433,3,1,1848.52
640,434,5,1,4313.17
641,435,4,1,765.91
642,435,2,1,54548.53
643,435,6,2,1165.73
644,436,2,2,57128.26
645,437,2,2,55653.22
646,437,3,1,1972.33
647,438,4,1,745.29
648,439,1,1,23574.18
649,439,1,2,23239.37
650,440,2,2,55084.71
651,441,5,2,4405.81
652,442,5,1,4299.81
653,443,1,2,22668.44
654,444,2,1,54526.73
655,444,7,2,879.54
656,445,1,2,23208.21
657,445,2,2,56162.25
658,446,4,2,771.95
659,446,7,1,837.79
660,447,1,1,22550.34
661,448,2,2,58242.09
662,449,5,1,4348.36
663,449,4,2,785.29
664,450,1,1,24300.39
665,451,1,2,24096.22
666,452,1,2,24743.46
667,453,6,1,1188.39
668,454,3,2,1900.01
669,455,6,2,1189.41
670,455,2,1,58560.03
671,456,3,2,1986.34
672,457,1,2,24114.01
673,457,2,1,56315.64
674,458,1,1,24414.65
675,459,2,2,55971.35
676,459,5,1,4108.82
677,460,2,1,56569.1
678,460,2,2,55240.91
679,461,1,2,22868.07
680,462,1,2,24363.04
681,463,2,1,54040.89
682,464,5,2,4402.52
683,465,5,2,4407.78
684,465,5,2,4453.65
685,465,1,1,22857.9
686,466,1,2,23441.69
687,466,3,1,1957.59
688,467,4,2,728.72
689,467,1,2,22706.01
690,467,4,2,784.71
691,468,1,1,24815.51
692,468,4,1,788.58
693,469,3,1,1982.36
694,469,1,2,24862.56
695,470,4,1,724.3
696,470,4,2,771.66
697,471,7,1,837.54
698,472,3,1,1972.28
699,473,1,2,22710.64
700,474,2,1,58510.95
701,474,1,2,24678.13
702,475,1,2,24646.27
703,476,1,1,23994.6
704,477,5,2,4163.54
705,478,5,2,4188.22
706,478,1,1,24293.66
707,479,1,2,22720.38
708,480,4,1,786.92
709,481,1,2,23504.48
710,482,1,1,24010.78
711,483,4,1,798.5
712,484,7,1,819.49
713,484,1,2,23671.97
714,484,1,2,24242.56
715,485,5,1,4186.91
716,486,7,2,846.7
717,487,1,1,22677.29
718,487,4,1,774.33
719,488,1,2,24237.97
720,488,2,2,59652.35
721,489,2,2,59865.54
722,490,5,2,4054.82
723,491,3,1,1811.23
724,492,2,2,56064.55
725,493,1,2,23656.48
726,494,3,2,1901.55
727,495,2,2,56380.53
728,496,2,1,57978.88
729,497,3,1,1893.6
730,498,1,2,22989.28
731,499,5,2,4353.1
732,499,1,1,23645.07
733,500,3,2,1986.16
734,501,5,2,4318.22
735,501,1,1,24614.13
736,502,1,2,23362.54
737,503,1,2,23696.76
738,504,1,2,22500.57
739,504,1,2,23782.45
740,505,1,2,22919.54
741,506,2,2,59257.15
742,507,3,1,1886.11
743,507,1,2,23269.26
744,508,1,1,23437.06
745,509,1,2,23086.25
746,509,7,1,813.2
747,510,1,2,23081.59
748,510,1,2,22974.69
749,510,3,2,1924.93
750,511,3,2,1868.25
751,512,2,1,58890.43
752,513,2,2,59196.21
753,513,7,1,812.86
754,514,4,2,799.11
755,515,2,2,57374.58
756,516,1,2,23845.99
757,517,4,2,789.03
758,517,1,1,24265.93
759,517,5,2,4436.44
760,518,5,2,4155.64
761,519,4,2,792.33
762,519,5,1,4050.27
763,520,1,1,22842.55
764,521,2,1,55122.75
765,522,1,1,23059.81
766,523,5,1,4444.16
767,524,1,1,24343.52
768,524,2,2,54640.8
769,524,1,1,23348.31
770,525,1,2,23245.17
771,525,1,2,24185.04
772,526,2,2,54734.99
773,526,7,2,835.52
774,527,2,2,59456.58
775,528,1,2,24661.63
776,529,4,1,796.44
777,530,3,1,1827.8
778,531,4,2,721.06
779,532,4,1,786.91
780,533,2,1,58917.75
781,534,5,2,4322.67
782,534,1,2,23222.42
783,535,2,2,58527.22
784,536,3,2,1938.25
785,537,6,1,1133.66
786,538,3,2,1947.89
787,538,2,2,57980.18
788,539,4,2,727.0
789,540,2,1,55115.77
790,541,5,1,4480.04
791,541,5,2,4486.33
792,541,1,1,22607.75
793,542,1,2,22789.56
794,543,1,2,24408.79
795,543,1,1,23770.35
796,544,2,2,58651.41
797,544,4,2,781.44
798,545,4,1,731.68
799,545,1,1,23827.77
800,546,3,2,1925.09
801,546,2,2,59544.44
802,547,1,1,23284.26
803,547,1,2,24815.77
804,548,5,2,4318.41
805,548,1,2,23879.84
806,549,3,1,1839.34
807,550,3,2,1912.88
808,551,1,2,24240.2
809,551,1,1,24398.28
810,551,1,2,23010.22
811,552,2,2,56835.09
812,553,4,2,790.69
813,554,1,1,23530.92
814,555,1,2,23290.25
815,556,2,1,56162.36
816,557,2,1,54483.48
817,558,7,2,858.96
818,559,5,1,4052.72
819,560,1,2,24530.82
820,561,5,1,4122.76
821,562,6,2,1165.76
822,562,2,1,57280.06
823,562,2,1,55694.21
824,563,1,1,22988.65
825,564,1,1,23998.43
826,565,1,2,24399.56
827,566,2,2,57012.05
828,567,5,1,4446.4
829,568,5,1,4274.64
830,569,2,1,58463.43
831,570,5,1,4361.14
832,570,6,2,1195.39
833,570,1,2,24573.46
834,571,2,1,59457.29
835,572,2,1,56585.15
836,573,3,1,1886.74
837,574,2,1,59914.61
838,574,1,2,24852.48
839,575,2,2,57267.57
840,575,1,2,24612.6
841,576,6,1,1082.4
842,577,4,2,756.03
843,578,1,2,24048.01
844,578,1,2,22966.05
845,579,5,1,4100.78
846,579,1,2,23229.78
847,580,2,1,56282.89
848,580,2,1,59803.63
849,581,1,1,24032.88
850,581,3,2,1895.02
851,582,1,2,23839.09
852,582,1,2,23130.43
853,583,4,2,760.88
854,584,1,2,22598.16
855,585,5,1,4200.15
856,585,4,1,787.13
857,585,1,2,24345.42
858,586,1,2,24000.63
859,586,5,2,4365.39
860,587,2,2,57441.38
861,587,5,2,4471.53
862,588,1,1,24743.49
863,589,2,2,59052.64
864,590,1,1,23484.09
865,590,2,1,57332.98
866,591,1,2,24674.12
867,592,1,2,23390.23
868,593,1,1,23575.87
869,593,2,2,58439.21
870,594,4,1,770.83
871,594,6,1,1114.38
872,595,1,2,23305.17
873,596,1,2,24821.49
874,597,2,1,59718.72
875,597,5,2,4363.29
876,598,1,1,23147.26
877,599,1,2,22753.45
878,600,4,1,762.6
879,600,1,2,22643.28
880,601,7,2,844.18
881,602,2,2,57496.12
882,602,7,1,893.03
883,603,1,2,22959.46
884,603,1,1,24166.71
885,604,2,1,55492.91
886,604,5,2,4287.9
887,605,1,1,24320.03
888,606,1,2,22964.44
889,606,1,1,23463.88
890,607,5,2,4246.97
891,608,5,1,4111.58
892,609,1,2,24806.61
893,610,5,1,4376.11
894,611,1,1,23686.92
895,611,4,2,788.18
896,612,4,2,764.23
897,613,1,2,23311.52
898,613,4,2,797.8
899,614,3,1,1856.27
900,615,1,1,23572.87
901,616,1,1,23642.04
902,617,1,2,22987.4
903,617,2,2,58967.86
904,618,4,2,766.14
905,619,3,2,1880.46
906,620,1,1,22794.93
907,621,1,2,24859.45
908,622,1,1,23554.28
909,623,7,1,887.47
910,624,2,2,55994.56
911,625,1,1,24712.02
912,626,2,1,58599.58
913,627,2,2,57387.84
914,627,1,1,24001.98
915,627,6,2,1142.07
916,628,5,2,4255.04
917,628,2,1,55208.78
918,629,1,2,23295.1
919,630,1,1,22783.25
920,630,5,2,4460.76
921,630,2,1,54987.6
922,631,1,1,23358.19
923,632,1,1,22755.92
924,632,6,1,1091.95
925,633,1,2,23832.07
926,634,2,2,54478.29
927,634,1,1,23485.23
928,635,2,2,54756.69
929,635,4,2,779.69
930,636,5,1,4445.93
931,636,3,1,1838.39
932,637,3,1,1826.26
933,637,2,2,59069.83
934,638,2,1,58562.4
935,639,1,1,24063.7
936,639,1,2,24391.13
937,640,4,1,775.66
938,641,5,1,4196.78
939,641,1,2,23131.33
940,641,6,1,1198.16
941,642,4,1,796.17
942,643,2,1,56553.03
943,644,1,1,23294.76
944,645,5,2,4417.49
945,646,3,2,1901.07
946,646,1,1,24783.07
947,647,1,2,22801.87
948,648,3,2,1950.28
949,648,4,2,759.05
950,648,2,2,56180.42
951,649,6,2,1155.42
952,649,1,1,24252.02
953,649,5,2,4465.65
954,650,1,1,24495.0
955,650,2,2,55861.84
956,650,1,1,23468.06
957,651,6,2,1194.55
958,652,1,2,24294.19
959,652,5,1,4232.32
960,652,1,2,24504.6
961,653,2,1,59103.03
962,654,1,2,23046.93
963,654,1,1,23184.97
964,655,2,1,57649.27
965,656,5,1,4181.26
966,657,1,2,23249.82
967,657,1,2,23423.39
968,657,2,2,56128.78
969,658,2,1,59193.43
970,659,2,2,54910.46
971,660,4,2,783.65
972,661,1,1,23526.83
973,662,2,2,59603.87
974,663,1,2,22596.0
975,664,1,2,23276.79
976,665,2,1,59459.58
977,666,2,2,57216.93
978,666,1,1,24660.92
979,667,1,2,23237.36
980,668,1,1,24242.92
981,669,2,1,59980.86
982,670,1,2,23874.29
983,671,1,1,24685.03
984,672,3,2,1911.54
985,673,2,2,55868.29
986,674,7,1,852.25
987,675,2,2,57690.39
988,675,1,2,22822.68
989,676,3,2,1994.65
990,677,1,1,22915.46
991,678,3,2,1964.11
992,679,4,2,758.82
993,680,4,1,756.02
994,681,5,1,4492.67
995,682,1,2,22811.62
996,683,2,2,55105.81
997,683,1,1,22698.03
998,683,1,1,24436.21
999,684,2,1,56486.45
1000,685,1,1,22567.77
1001,685,2,2,57371.61
1002,685,2,1,58571.34
1003,686,3,1,1958.4
1004,686,2,2,56861.9
1005,687,5,2,4458.99
1006,688,1,1,24037.67
1007,688,3,1,1811.45
1008,689,1,2,23632.06
1009,689,1,2,24726.1
1010,689,1,1,22857.04
1011,690,2,2,59712.86
1012,691,4,1,799.9
1013,691,5,1,4419.27
1014,692,4,2,732.36
1015,693,3,2,1812.78
1016,694,2,2,54521.8
1017,695,1,1,24282.21
1018,696,3,1,1914.17
1019,697,2,1,57751.3
1020,697,1,1,24870.92
1021,697,5,1,4306.58
1022,698,1,1,23843.85
1023,698,4,1,721.92
1024,699,3,2,1938.58
1025,700,6,1,1184.06
1026,700,6,2,1144.59
1027,701,4,2,727.76
1028,702,6,1,1182.4
1029,703,7,2,815.31
1030,704,2,2,58169.82
1031,705,3,1,1933.6
1032,706,2,2,58632.91
1033,707,5,1,4453.08
1034,708,5,1,4401.8
1035,709,1,1,23784.67
1036,710,6,1,1177.2
1037,710,7,1,826.88
1038,711,1,2,23152.12
1039,711,2,1,55112.45
1040,712,7,2,850.1
1041,713,1,1,24267.39
1042,713,1,1,22848.63
1043,713,1,1,23110.37
1044,714,2,1,58308.09
1045,715,2,2,54788.47
1046,716,3,1,1973.41
1047,717,4,1,767.97
1048,718,2,2,56088.31
1049,719,2,2,55937.94
1050,719,1,2,23302.49
1051,720,1,2,23166.93
1052,721,1,1,22629.14
1053,722,2,2,54833.81
1054,723,5,1,4270.96
1055,723,2,1,58266.96
1056,724,2,2,59849.43
1057,725,1,2,23806.24
1058,726,5,1,4158.72
1059,726,1,2,22506.77
1060,727,1,1,22721.45
1061,727,3,1,1801.55
1062,728,1,1,24348.95
1063,729,5,2,4359.24
1064,730,3,1,1892.07
1065,730,7,1,894.4
1066,731,1,1,22681.66
1067,731,1,2,23708.87
1068,732,5,1,4295.16
1069,733,5,1,4371.91
1070,734,5,1,4235.01
1071,735,3,1,1901.83
1072,735,6,1,1126.91
1073,736,3,1,1883.67
1074,736,2,2,55449.95
1075,736,2,2,58299.64
1076,737,5,2,4277.67
1077,738,2,2,58479.62
1078,738,1,1,23399.19
1079,739,2,2,55394.42
1080,739,1,1,24253.91
1081,740,2,2,55355.04
1082,741,4,1,781.3
1083,742,4,1,788.98
1084,743,1,2,24317.55
1085,743,6,2,1182.21
1086,744,2,1,57973.91
1087,745,1,2,23644.91
1088,745,1,1,24379.5
1089,746,2,1,54012.46
1090,747,2,2,57475.88
1091,748,2,2,57281.29
1092,748,7,2,856.69
1093,749,1,1,23623.17
1094,750,4,2,734.54
1095,751,2,1,54316.32
1096,752,5,2,4109.98
1097,753,4,1,733.08
1098,753,1,1,22765.53
1099,753,2,2,55810.8
1100,754,2,2,54683.8
1101,754,3,2,1807.75
1102,755,1,1,24116.02
1103,756,3,1,1850.36
1104,757,3,2,1816.29
1105,757,3,2,1899.84
1106,758,3,1,1826.68
1107,759,2,2,55321.96
1108,759,2,2,54625.88
1109,760,3,2,1904.84
1110,761,6,2,1092.81
1111,761,2,1,56614.03
1112,762,1,2,24065.14
1113,763,2,2,57729.11
1114,764,6,1,1096.28
1115,765,2,2,56320.18
1116,766,1,1,24587.43
1117,766,2,2,57042.0
1118,767,7,2,834.76
1119,768,1,1,23591.89
1120,768,1,2,23158.88
1121,769,3,2,1930.84
1122,770,2,1,58351.96
1123,770,1,1,23519.74
1124,770,4,2,798.05
1125,771,1,1,24202.38
1126,772,3,1,1825.67
1127,772,2,1,55530.56
1128,773,2,1,56634.78
1129,773,3,1,1842.53
1130,774,1,2,24253.75
1131,775,4,1,788.67
1132,776,1,2,24821.39
1133,777,2,2,56387.76
1134,777,1,1,22665.14
1135,778,1,1,24952.61
1136,778,4,1,748.42
1137,778,1,1,24373.86
1138,779,3,1,1853.63
1139,779,1,2,23357.63
1140,780,1,2,22599.49
1141,780,4,1,731.18
1142,781,3,1,1889.81
1143,781,6,1,1139.28
1144,782,4,1,785.7
1145,782,3,2,1914.55
1146,783,2,1,59262.72
1147,784,1,1,24179.15
1148,785,4,2,792.89
1149,786,1,2,24301.81
1150,786,1,2,24609.32
1151,787,2,1,57162.3
1152,788,1,2,24391.62
1153,789,7,2,888.27
1154,790,7,1,815.13
1155,791,2,2,54749.22
1156,792,5,2,4307.75
1157,793,5,1,4293.61
1158,793,4,1,767.71
1159,794,2,2,56644.43
1160,795,2,2,57484.54
1161,796,3,1,1978.62
1162,796,4,2,748.2
1163,797,1,2,23264.53
1164,798,2,1,59776.4
1165,798,5,2,4280.78
1166,799,1,1,24532.13
1167,800,1,2,24442.23
1168,801,5,2,4425.51
1169,802,1,1,23743.07
1170,803,2,2,57842.68
1171,803,2,1,56591.94
1172,803,2,1,54200.54
1173,804,6,1,1174.67
1174,805,6,2,1108.25
1175,805,1,2,22620.2
1176,806,3,2,1828.85
1177,807,2,2,55333.7
1178,807,1,2,22866.54
1179,808,2,2,59370.46
1180,808,2,1,58100.58
1181,809,1,1,23733.52
1182,810,4,1,752.44
1183,810,2,2,54013.94
1184,810,1,2,23237.04
1185,811,2,1,58998.21
1186,812,7,2,833.91
1187,813,1,1,24868.25
1188,813,2,2,59441.91
1189,814,2,2,57274.01
1190,815,5,2,4354.57
1191,815,3,1,1893.81
1192,816,3,2,1818.6
1193,817,1,1,23786.96
1194,818,1,1,22853.46
1195,819,5,1,4380.14
1196,820,1,2,22917.12
1197,820,2,2,55421.1
1198,821,2,2,57934.92
1199,822,3,1,1843.66
1200,823,1,1,23165.25
1201,824,3,1,1886.2
1202,825,4,1,786.59
1203,826,2,1,55100.54
1204,826,3,2,1934.86
1205,826,7,1,871.71
1206,827,1,2,23109.04
1207,828,1,1,23059.03
1208,828,1,1,24775.49
1209,829,1,2,23723.1
1210,830,2,2,55862.23
1211,831,2,2,56695.65
1212,831,3,1,1834.96
1213,832,2,1,57744.68
1214,832,4,2,725.38
1215,833,1,1,22509.26
1216,834,1,1,23142.88
1217,835,3,1,1936.11
1218,835,1,2,24066.88
1219,836,2,2,59388.88
1220,837,5,1,4232.34
1221,837,1,2,22934.9
1222,837,2,2,54101.48
1223,838,1,1,22943.38
1224,838,7,2,899.94
1225,838,1,2,22691.99
1226,839,3,1,1993.09
1227,840,2,2,58620.13
1228,840,4,1,730.86
1229,840,3,1,1868.86
1230,841,5,1,4184.74
1231,842,1,2,24454.32
1232,843,1,1,22720.99
1233,844,1,2,23547.32
1234,845,1,1,22916.35
1235,846,3,1,1810.87
1236,846,1,2,22675.17
1237,846,2,1,57947.7
1238,847,7,1,893.59
1239,847,4,2,744.47
1240,848,3,2,1941.72
1241,849,3,1,1872.16
1242,849,4,2,770.98
1243,850,1,2,23955.59
1244,851,4,1,757.96
1245,852,1,1,23361.92
1246,852,1,2,23988.54
1247,853,2,1,58289.72
1248,853,7,1,866.7
1249,854,1,1,24066.93
1250,855,5,2,4443.09
1251,856,1,2,23363.16
1252,857,1,2,23765.11
1253,858,7,1,827.31
1254,859,1,1,23516.93
1255,859,2,1,54114.6
1256,860,3,1,1803.99
1257,860,1,2,23588.23
1258,861,2,2,54044.78
1259,862,2,1,54873.1
1260,863,3,1,1846.6
1261,863,1,1,23457.26
1262,864,2,2,55420.32
1263,865,1,1,23945.55
1264,865,1,1,23145.75
1265,866,1,1,23853.1
1266,866,4,1,759.03
1267,867,4,2,792.94
1268,868,1,1,23700.46
1269,868,2,1,54784.04
1270,869,3,2,1960.16
1271,870,1,2,23985.34
1272,871,1,2,22980.79
1273,871,2,1,55306.35
1274,872,1,2,23338.52
1275,873,1,1,24837.23
1276,873,2,2,57257.64
1277,873,1,1,23641.27
1278,874,4,1,769.84
1279,875,4,1,744.19
1280,876,2,2,56437.99
1281,877,2,1,59595.61
1282,877,4,1,761.38
1283,877,5,1,4062.7
1284,878,1,1,23213.51
1285,878,1,1,24287.25
1286,879,2,1,55048.71
1287,880,3,1,1857.89
1288,880,4,2,782.15
1289,881,1,1,23531.7
1290,881,2,2,54471.76
1291,882,7,1,846.62
1292,883,1,2,24331.53
1293,884,1,2,24614.11
1294,884,1,2,23203.21
1295,885,7,2,893.26
1296,886,3,1,1993.12
1297,887,2,2,55613.14
1298,888,5,1,4421.45
1299,888,1,2,24950.65
1300,888,5,2,4405.54
1301,889,4,1,729.73
1302,889,1,2,23272.29
1303,890,1,1,22835.06
1304,891,2,1,59682.92
1305,892,7,2,813.34
1306,893,3,1,1981.55
1307,894,1,2,23039.02
1308,895,2,2,55205.47
1309,895,1,2,24920.52
1310,896,3,1,1990.45
1311,897,2,1,56262.05
1312,898,5,1,4340.32
1313,898,2,1,59897.16
1314,898,1,2,22611.47
1315,899,1,2,24253.41
1316,900,1,2,24164.87
1317,901,7,1,895.8
1318,901,1,1,23648.91
1319,902,2,2,58003.99
1320,903,4,1,781.21
1321,904,3,1,1963.85
1322,905,2,1,59234.37
1323,906,7,1,817.54
1324,906,5,1,4283.26
1325,907,7,2,833.96
1326,908,1,2,24544.56
1327,909,1,1,23016.34
1328,909,1,2,24383.69
1329,909,4,2,761.67
1330,910,2,2,54536.84
1331,910,1,2,23242.24
1332,911,3,1,1819.85
1333,912,2,2,54474.46
1334,913,6,2,1166.4
1335,914,5,1,4482.37
1336,915,2,1,55402.14
1337,915,4,1,741.93
1338,915,1,2,24284.15
1339,916,1,1,23462.77
1340,916,4,2,767.49
1341,917,2,2,56707.71
1342,918,1,1,24397.17
1343,919,6,1,1089.47
1344,920,3,1,1902.7
1345,921,1,2,23823.17
1346,921,3,2,1969.64
1347,921,1,1,23352.42
1348,922,3,2,1969.36
1349,922,6,1,1146.5
1350,923,5,2,4271.37
1351,924,1,1,24770.87
1352,925,3,2,1866.81
1353,925,5,2,4490.25
1354,926,1,1,23262.75
1355,926,5,2,4126.74
1356,927,1,1,22587.9
1357,928,2,2,55742.17
1358,929,3,1,1889.46
1359,930,1,2,23195.28
1360,930,1,2,23108.67
1361,930,1,2,23189.87
1362,931,5,1,4369.18
1363,931,4,1,739.0
1364,932,2,1,56032.4
1365,933,1,2,24792.69
1366,934,3,1,1970.51
1367,935,2,2,55101.38
1368,936,1,1,23298.06
1369,936,7,1,835.36
1370,937,1,2,23732.58
1371,938,1,2,22809.23
1372,939,1,1,23440.65
1373,940,1,2,22818.06
1374,940,1,1,24256.0
1375,940,4,2,756.29
1376,941,1,2,24180.15
1377,942,2,1,54660.44
1378,943,1,1,24505.68
1379,944,1,2,24318.84
1380,944,2,1,54907.59
1381,945,1,1,23001.78
1382,946,4,1,726.2
1383,946,3,2,1924.11
1384,947,2,2,59599.16
1385,947,1,1,24623.66
1386,948,5,2,4212.75
1387,949,1,1,22795.02
1388,950,1,2,23780.65
1389,950,6,2,1128.44
1390,951,4,1,766.38
1391,951,2,2,55040.38
1392,951,1,1,22657.27
1393,952,3,1,1840.57
1394,953,4,1,730.88
1395,953,2,2,56960.88
1396,954,1,2,23122.44
1397,954,1,1,24721.87
1398,954,1,2,23722.38
1399,955,2,1,57399.11
1400,956,1,2,22632.06
1401,956,1,1,23198.35
1402,957,3,1,1902.39
1403,958,2,1,59294.46
1404,959,4,2,745.51
1405,960,3,1,1899.82
1406,961,1,2,22554.95
1407,962,5,2,4212.04
1408,962,1,2,22839.07
1409,963,2,1,54605.65
1410,964,2,2,59624.89
1411,965,1,2,22853.11
1412,965,7,2,885.8
1413,966,7,2,864.98
1414,967,3,1,1984.01
1415,968,5,1,4395.28
1416,968,7,2,833.27
1417,969,2,2,58733.67
1418,970,2,2,54739.91
1419,970,3,2,1848.71
1420,971,1,1,24507.93
1421,971,1,2,23800.49
1422,971,1,1,23433.38
1423,972,1,2,23404.02
1424,973,5,1,4215.02
1425,974,6,2,1101.17
1426,975,2,2,58684.09
1427,975,1,2,23757.95
1428,975,6,2,1189.36
1429,976,1,1,23459.43
1430,977,2,1,57865.28
1431,977,1,1,23548.7
1432,977,1,1,24734.93
1433,978,3,2,1844.21
1434,978,5,1,4383.23
1435,978,2,2,56490.93
1436,979,1,1,24493.55
1437,980,1,2,23892.1
1438,980,2,1,55043.86
1439,981,1,2,22789.01
1440,982,1,1,24048.96
1441,983,2,1,59944.49
1442,983,1,2,22801.2
1443,984,1,1,22976.44
1444,984,2,2,59055.23
1445,985,2,2,59181.34
1446,986,2,2,57829.35
1447,987,4,1,773.15
1448,988,5,2,4315.89
1449,989,1,1,24054.84
1450,989,1,1,24609.2
1451,990,1,2,24509.65
1452,991,1,1,24284.02
1453,992,2,2,54849.7
1454,993,1,2,24916.48
1455,994,5,2,4385.07
1456,995,1,1,23299.3
1457,995,2,2,58190.03
1458,995,1,1,23375.47
1459,996,2,2,56230.36
1460,997,1,2,23606.64
1461,998,3,1,1832.72
1462,999,1,1,23440.48
1463,1000,2,2,57606.55
1464,1001,2,1,57145.53
1465,1001,1,2,24321.06
1466,1002,2,1,59600.48
1467,1003,1,1,23286.41
1468,1003,1,1,22573.25
1469,1004,1,1,23399.98
1470,1004,2,2,56156.54
1471,1005,1,2,24171.68
1472,1006,1,1,23666.71
1473,1007,2,1,59873.52
1474,1008,2,2,57052.24
1475,1009,4,1,730.06
1476,1010,1,2,23651.78
1477,1011,1,2,22763.05
1478,1012,1,2,24561.29
1479,1012,4,2,786.02
1480,1013,7,1,898.2
1481,1013,6,1,1112.19
1482,1014,2,1,57109.23
1483,1014,2,2,54892.85
1484,1014,1,1,24801.93
1485,1015,2,2,59730.14
1486,1015,2,2,59670.1
1487,1015,5,1,4144.08
1488,1016,1,2,23100.61
1489,1016,2,1,57776.54
1490,1017,2,2,56140.62
1491,1018,1,1,22650.27
1492,1019,2,1,56030.21
1493,1019,5,2,4322.87
1494,1019,1,2,23023.37
1495,1020,2,1,57488.72
1496,1021,1,2,24724.59
1497,1021,6,1,1100.84
1498,1021,6,1,1083.34
1499,1022,6,1,1167.95
1500,1023,5,2,4384.19
1501,1024,2,2,56560.74
1502,1025,1,2,24375.4
1503,1025,7,2,822.65
1504,1026,4,2,759.86
1505,1027,2,1,59512.48
1506,1028,2,2,59294.65
1507,1029,2,2,59761.31
1508,1030,5,2,4198.08
1509,1030,3,2,1882.75
1510,1031,1,2,22619.45
1511,1032,2,2,55137.11
1512,1033,1,1,23561.99
1513,1034,4,1,778.82
1514,1035,3,2,1997.67
1515,1035,2,1,54823.82
1516,1036,1,2,23590.18
1517,1037,2,2,56323.48
1518,1038,1,2,23977.01
1519,1038,7,2,876.13
1520,1039,1,1,23787.98
1521,1040,3,1,1933.17
1522,1040,1,1,22786.85
1523,1041,2,2,58247.65
1524,1042,2,2,58337.04
1525,1042,2,1,55189.24
1526,1043,7,2,897.19
1527,1044,2,1,55728.99
1528,1045,1,2,24992.12
1529,1045,4,1,722.63
1530,1046,1,2,22978.11
1531,1047,5,1,4153.68
1532,1047,3,2,1869.46
1533,1048,4,2,790.66
1534,1049,1,1,24528.66
1535,1049,3,2,1970.39
1536,1049,2,1,54423.3
1537,1050,3,2,1945.26
1538,1050,2,2,58943.38
1539,1050,1,2,24491.13
1540,1051,4,1,793.97
1541,1052,3,2,1908.02
1542,1053,3,2,1918.5
1543,1053,2,2,56158.74
1544,1054,1,1,22987.1
1545,1055,3,2,1898.48
1546,1056,3,2,1942.94
1547,1056,1,2,22664.5
1548,1057,6,1,1106.12
1549,1057,2,2,56662.21
1550,1058,6,1,1083.1
1551,1058,2,1,57145.89
1552,1059,1,1,22700.16
1553,1059,2,2,59046.64
1554,1059,2,1,54508.6
1555,1060,1,2,23899.04
1556,1060,2,1,59127.09
1557,1061,3,1,1841.33
1558,1061,4,1,787.64
1559,1062,2,1,59128.05
1560,1062,4,2,787.63
1561,1063,1,1,23842.71
1562,1063,1,2,23064.16
1563,1064,2,2,59758.7
1564,1065,3,1,1999.71
1565,1065,4,2,778.84
1566,1066,4,2,787.33
1567,1067,5,2,4101.98
1568,1068,4,2,726.03
1569,1069,4,2,759.97
1570,1070,4,2,768.56
1571,1071,1,1,23897.38
1572,1072,5,2,4272.67
1573,1073,2,1,58031.86
1574,1074,2,2,56652.4
1575,1075,1,1,23709.28
1576,1076,2,1,58566.04
1577,1077,2,1,57323.82
1578,1077,2,2,58529.6
1579,1078,5,1,4317.14
1580,1078,2,1,55102.88
1581,1078,2,1,58058.83
1582,1079,5,2,4363.66
1583,1080,5,1,4203.52
1584,1081,2,1,54035.19
1585,1081,2,2,55016.53
1586,1082,3,2,1941.36
1587,1082,3,2,1812.0
1588,1083,7,2,861.2
1589,1084,5,1,4460.67
1590,1084,1,2,22716.55
1591,1085,5,2,4202.86
1592,1085,1,1,22622.87
1593,1086,2,1,56137.5
1594,1087,1,1,23460.05
1595,1088,7,2,845.13
1596,1088,1,1,22793.75
1597,1089,1,1,24754.77
1598,1090,1,1,23990.98
1599,1091,1,1,23800.34
1600,1092,1,2,22822.66
1601,1093,1,2,24454.83
1602,1094,7,1,878.77
1603,1095,1,2,24182.06
1604,1096,2,1,55198.02
1605,1097,3,2,1840.18
1606,1098,6,2,1128.76
1607,1099,2,2,58603.02
1608,1100,2,2,58846.99
1609,1100,4,1,747.65
1610,1100,1,2,24248.82
1611,1101,1,2,23873.32
1612,1102,1,1,24098.44
1613,1102,5,2,4255.39
1614,1102,5,1,4314.32
1615,1103,2,2,58066.09
1616,1104,1,1,23736.49
1617,1105,2,1,56985.18
1618,1105,3,1,1979.72
1619,1106,4,1,791.38
1620,1106,2,2,54532.64
1621,1107,3,2,1881.75
1622,1107,2,2,55436.22
1623,1108,2,2,54898.66
1624,1109,2,1,55777.06
1625,1110,2,1,58850.15
1626,1111,5,1,4452.08
1627,1112,1,1,24831.6
1628,1112,4,2,732.16
1629,1113,1,1,24115.91
1630,1114,2,1,54379.52
1631,1114,1,1,23928.33
1632,1115,5,1,4163.94
1633,1115,1,2,22608.58
1634,1116,1,1,23082.97
1635,1117,7,1,856.53
1636,1117,3,1,1803.22
1637,1118,1,2,24204.31
1638,1119,2,2,58740.79
1639,1120,1,1,23208.87
1640,1121,1,2,24352.21
1641,1122,4,2,768.8
1642,1122,6,2,1115.36
1643,1123,4,1,720.31
1644,1124,1,2,23648.37
1645,1125,1,1,23167.91
1646,1125,7,1,869.53
1647,1126,2,2,56989.19
1648,1126,2,2,58253.4
1649,1126,2,2,54782.71
1650,1127,1,2,22723.35
1651,1128,4,1,757.49
1652,1129,3,1,1815.11
1653,1130,7,1,813.16
1654,1130,1,2,22724.13
1655,1131,2,1,57298.11
1656,1132,7,1,851.37
1657,1132,2,2,54066.08
1658,1133,1,2,22902.46
1659,1134,1,1,22944.7
1660,1135,6,2,1192.61
1661,1135,4,1,781.14
1662,1136,6,1,1183.42
1663,1136,6,1,1168.48
1664,1137,1,1,22685.19
1665,1137,7,1,899.98
1666,1138,2,2,57347.28
1667,1138,2,1,57524.09
1668,1139,3,2,1889.92
1669,1140,1,1,24787.92
1670,1140,5,1,4179.08
1671,1141,7,1,864.16
1672,1142,4,2,783.43
1673,1143,7,2,856.81
1674,1143,3,1,1976.26
1675,1143,4,2,742.98
1676,1144,4,2,770.89
1677,1145,6,2,1176.81
1678,1146,1,1,23633.54
1679,1147,1,2,22845.71
1680,1147,2,1,56891.4
1681,1147,1,1,23997.21
1682,1148,3,2,1974.95
1683,1149,1,2,24654.7
1684,1149,1,1,23876.36
1685,1149,3,1,1866.59
1686,1150,1,1,23292.28
1687,1151,2,1,55527.97
1688,1152,1,1,22745.11
1689,1152,3,1,1819.74
1690,1152,1,2,22776.36
1691,1153,2,1,57212.48
1692,1154,4,1,779.16
1693,1154,4,2,785.94
1694,1155,1,2,24434.99
1695,1156,1,1,24166.31
1696,1157,5,2,4108.9
1697,1157,3,2,1907.09
1698,1158,7,1,873.88
1699,1158,7,1,882.01
1700,1158,2,2,59851.47
1701,1159,2,2,55404.62
1702,1159,3,2,1839.45
1703,1159,2,2,54746.61
1704,1160,1,2,24828.86
1705,1160,3,1,1877.52
1706,1160,2,2,59511.13
1707,1161,4,2,751.22
1708,1161,2,2,57714.73
1709,1161,2,1,55733.04
1710,1162,1,2,22917.38
1711,1163,1,2,23786.13
1712,1164,1,1,23540.71
1713,1165,2,1,56407.52
1714,1166,2,1,59588.94
1715,1166,1,1,24224.56
1716,1167,5,2,4197.15
1717,1167,4,1,778.84
1718,1168,2,1,57803.34
1719,1168,2,2,55356.91
1720,1168,1,1,24894.42
1721,1169,4,1,736.05
1722,1170,5,1,4130.84
1723,1170,4,2,732.18
1724,1171,2,1,54497.49
1725,1172,5,2,4197.87
1726,1172,2,1,56608.07
1727,1173,1,2,23714.08
1728,1174,1,1,24418.08
1729,1174,7,1,816.76
1730,1175,2,2,59659.18
1731,1176,1,2,22765.7
1732,1176,6,1,1097.93
1733,1176,2,2,57956.14
1734,1177,2,1,59580.03
1735,1178,1,2,23708.51
1736,1179,3,2,1800.73
1737,1180,1,2,23703.97
1738,1181,1,2,22594.46
1739,1181,2,1,58577.09
1740,1182,2,2,55385.88
1741,1182,6,1,1176.14
1742,1183,1,2,23540.18
1743,1184,5,1,4467.15
1744,1184,1,1,23229.67
1745,1184,2,1,58530.36
1746,1185,5,2,4326.91
1747,1185,1,1,24530.45
1748,1186,2,1,55261.66
1749,1186,2,2,59267.08
1750,1187,4,1,752.24
1751,1188,1,1,24304.96
1752,1188,4,2,745.65
1753,1189,1,2,22897.31
1754,1190,1,1,23687.93
1755,1191,3,1,1876.55
1756,1192,3,1,1962.39
1757,1192,1,1,23844.21
1758,1193,3,1,1913.26
1759,1194,1,2,22867.54
1760,1194,1,2,24706.24
1761,1195,6,2,1109.15
1762,1196,3,2,1801.42
1763,1196,1,2,24718.85
1764,1196,4,2,763.26
1765,1197,2,1,56250.6
1766,1197,7,1,857.82
1767,1198,2,1,59598.47
1768,1199,2,2,54758.79
1769,1199,2,2,59416.98
1770,1200,2,1,56824.9
1771,1200,1,2,22689.08
1772,1201,3,2,1882.67
1773,1202,7,1,825.07
1774,1203,5,2,4397.06
1775,1204,2,2,57052.15
1776,1205,4,1,786.8
1777,1205,1,2,23681.44
1778,1206,1,1,23676.76
1779,1206,2,2,56213.93
1780,1207,1,1,23101.78
1781,1207,2,2,58163.26
1782,1208,3,2,1915.95
1783,1209,2,1,58234.55
1784,1209,1,1,24053.77
1785,1210,2,1,56351.99
1786,1211,3,1,1870.13
1787,1212,7,1,885.23
1788,1213,1,2,23020.58
1789,1214,1,2,22916.91
1790,1215,3,1,1900.85
1791,1215,1,1,22591.06
1792,1216,1,1,23391.01
1793,1216,3,2,1845.63
1794,1216,4,2,785.34
1795,1217,2,1,58202.73
1796,1217,1,1,23733.35
1797,1217,1,1,24331.75
1798,1218,1,2,22880.57
1799,1218,5,2,4413.96
1800,1219,4,2,766.94
1801,1220,1,2,24792.4
1802,1221,3,2,1907.54
1803,1221,2,2,55596.13
1804,1221,2,1,56368.84
1805,1222,2,2,59596.63
1806,1222,1,1,23457.65
1807,1223,1,1,24488.22
1808,1223,1,1,23717.71
1809,1224,4,1,744.21
1810,1224,2,1,56902.78
1811,1225,6,2,1186.54
1812,1226,1,2,24749.03
1813,1227,1,2,22537.94
1814,1227,2,1,58062.56
1815,1227,5,2,4335.21
1816,1228,4,1,722.74
1817,1229,2,1,59546.97
1818,1230,3,2,1886.49
1819,1231,7,1,829.93
1820,1231,5,1,4132.18
1821,1232,4,2,789.95
1822,1233,4,1,746.85
1823,1234,5,1,4257.03
1824,1234,2,2,57888.61
1825,1235,6,2,1142.9
1826,1236,1,2,22714.49
1827,1237,1,2,24390.01
1828,1238,1,1,23391.81
1829,1239,1,2,24595.88
1830,1240,3,1,1977.95
1831,1240,1,2,23303.85
1832,1241,2,1,57680.41
1833,1241,7,2,838.15
1834,1241,2,1,54169.15
1835,1242,7,2,897.25
1836,1243,1,1,24795.71
1837,1243,1,2,24221.0
1838,1244,4,1,792.65
1839,1245,1,1,22527.0
1840,1245,1,1,23929.74
1841,1246,3,1,1898.37
1842,1246,3,2,1975.89
1843,1246,1,2,22706.08
1844,1247,1,2,23195.36
1845,1247,7,2,825.51
1846,1248,2,2,56765.21
1847,1248,4,2,762.17
1848,1249,1,2,24346.35
1849,1249,1,1,22993.62
1850,1250,2,1,54757.7
1851,1250,2,1,57937.22
1852,1250,1,1,24436.68
1853,1251,1,2,24059.9
1854,1252,3,2,1843.81
1855,1252,2,1,54462.87
1856,1253,2,1,54623.76
1857,1254,6,2,1178.46
1858,1254,1,1,24556.9
1859,1254,1,1,23296.13
1860,1255,1,1,23952.42
1861,1255,1,2,22675.25
1862,1256,1,1,24248.28
1863,1256,3,1,1922.2
1864,1257,2,1,56749.52
1865,1257,1,2,23189.82
1866,1258,3,1,1977.37
1867,1258,1,1,24519.35
1868,1258,1,2,22742.05
1869,1259,4,2,772.21
1870,1260,1,2,23753.6
1871,1261,2,2,54808.48
1872,1262,2,2,55368.6
1873,1263,5,1,4129.1
1874,1263,4,1,760.15
1875,1263,3,2,1982.91
1876,1264,2,2,57029.6
1877,1265,1,1,24716.54
1878,1266,5,1,4394.77
1879,1267,4,2,778.74
1880,1267,2,1,54813.1
1881,1267,4,2,726.62
1882,1268,7,1,826.52
1883,1268,1,1,23596.53
1884,1268,4,1,750.65
1885,1269,1,2,24756.33
1886,1269,4,1,741.38
1887,1270,6,2,1173.8
1888,1271,6,1,1165.76
1889,1272,5,1,4296.89
1890,1272,2,1,55468.29
1891,1272,3,1,1908.15
1892,1273,1,2,24930.13
1893,1273,3,1,1909.28
1894,1273,1,1,24868.57
1895,1274,5,2,4082.91
1896,1275,7,2,858.95
1897,1275,2,1,56207.1
1898,1276,2,2,59212.81
1899,1277,2,1,59808.67
1900,1277,4,2,792.45
1901,1278,1,2,24238.53
1902,1279,2,2,58011.28
1903,1279,2,1,57212.23
1904,1280,2,2,59120.37
1905,1281,2,2,59576.45
1906,1281,1,1,23301.66
1907,1281,4,2,740.32
1908,1282,1,2,24300.93
1909,1282,2,1,58714.01
1910,1282,2,1,55142.48
1911,1283,2,1,55960.64
1912,1283,4,1,726.34
1913,1284,3,2,1889.59
1914,1285,5,2,4194.32
1915,1286,1,2,22868.63
1916,1286,2,2,56581.06
1917,1286,7,2,869.39
1918,1287,2,1,58550.31
1919,1288,5,2,4072.71
1920,1288,5,1,4113.22
1921,1289,5,1,4421.18
1922,1289,6,1,1145.39
1923,1290,2,1,57328.95
1924,1291,1,2,22694.98
1925,1292,3,1,1928.56
1926,1293,3,1,1831.7
1927,1294,2,1,59797.35
1928,1295,2,1,56581.9
1929,1295,3,2,1874.71
1930,1296,1,2,24784.32
1931,1296,2,1,58283.41
1932,1297,3,1,1806.24
1933,1298,7,1,879.36
1934,1298,4,1,749.01
1935,1298,5,2,4350.83
1936,1299,1,2,24137.27
1937,1299,2,1,55924.4
1938,1299,1,1,23115.0
1939,1300,1,1,23506.68
1940,1301,5,1,4137.21
1941,1302,2,2,55418.02
1942,1303,1,1,23038.11
1943,1304,2,1,54337.48
1944,1304,2,1,56113.85
1945,1305,4,1,793.76
1946,1306,4,1,762.69
1947,1307,2,2,58978.17
1948,1307,4,1,759.15
1949,1307,5,1,4107.68
1950,1308,6,2,1136.49
1951,1309,2,1,57340.09
1952,1309,3,2,1808.44
1953,1310,7,2,898.64
1954,1311,7,1,898.64
1955,1312,2,2,58235.94
1956,1312,1,1,24261.23
1957,1312,2,1,57928.62
1958,1313,1,2,23700.34
1959,1314,2,1,59133.86
1960,1315,1,2,24752.27
1961,1316,6,2,1115.77
1962,1316,1,2,24010.43
1963,1317,4,1,733.09
1964,1318,5,1,4314.96
1965,1319,2,1,57011.04
1966,1320,1,1,23902.88
1967,1320,1,2,24047.34
1968,1321,3,2,1995.17
1969,1322,1,2,24304.5
1970,1323,1,2,24525.65
1971,1324,3,2,1947.79
1972,1325,4,1,791.6
1973,1325,3,2,1937.93
1974,1326,2,1,58143.69
1975,1327,2,2,57026.55
1976,1328,2,1,58017.67
1977,1329,1,1,22677.95
1978,1329,2,1,56545.11
1979,1329,2,1,56134.76
1980,1330,2,1,56911.53
1981,1331,5,2,4184.49
1982,1332,2,2,58284.71
1983,1333,1,1,22970.04
1984,1334,4,2,757.53
1985,1334,7,2,857.44
1986,1335,5,2,4348.68
1987,1335,1,2,24257.48
1988,1336,2,2,55160.68
1989,1337,5,2,4429.33
1990,1338,2,1,55365.2
1991,1339,1,1,24779.55
1992,1340,1,1,22835.51
1993,1340,3,1,1991.13
1994,1341,4,1,764.59
1995,1341,5,1,4125.69
1996,1342,1,1,23841.03
1997,1342,2,1,56751.9
1998,1343,1,1,24678.33
1999,1343,2,1,55744.33
2000,1344,4,2,738.02
2001,1344,2,1,59977.78
2002,1344,2,2,56203.67
2003,1345,2,2,59408.68
2004,1345,2,1,56301.21
2005,1345,2,1,59006.57
2006,1346,2,1,56004.86
2007,1346,1,1,23340.4
2008,1347,1,1,23781.87
2009,1348,1,1,24634.66
2010,1349,2,1,59229.31
2011,1350,2,2,54325.27
2012,1351,3,1,1899.26
2013,1351,4,2,739.97
2014,1352,1,2,24903.54
2015,1352,1,1,24709.41
2016,1353,2,1,56383.75
2017,1353,1,1,22925.65
2018,1353,2,2,59166.68
2019,1354,5,1,4276.63
2020,1355,2,1,58012.52
2021,1355,4,2,760.51
2022,1356,3,1,1825.96
2023,1356,2,2,55351.44
2024,1356,2,1,56489.99
2025,1357,7,2,860.53
2026,1358,2,2,59972.9
2027,1359,1,1,24424.11
2028,1360,1,1,23213.11
2029,1361,1,2,24459.82
2030,1362,1,2,23764.52
2031,1363,1,2,24827.73
2032,1364,3,2,1917.08
2033,1364,5,2,4430.68
2034,1365,1,2,22711.62
2035,1366,1,1,22871.58
2036,1367,2,2,58207.76
2037,1368,1,2,24566.86
2038,1368,3,1,1878.74
2039,1369,2,2,58630.7
2040,1370,2,1,55000.98
2041,1371,2,2,55430.56
2042,1372,1,2,24259.84
2043,1372,2,1,57436.1
2044,1372,1,2,24154.92
2045,1373,1,1,23138.08
2046,1374,2,1,57047.38
2047,1374,1,2,23934.07
2048,1375,1,2,24159.48
2049,1375,2,2,56097.51
2050,1376,3,1,1978.82
2051,1377,1,2,23186.99
2052,1377,2,2,54226.18
2053,1377,5,1,4478.13
2054,1378,3,1,1949.26
2055,1378,1,2,23530.24
2056,1379,1,2,24285.97
2057,1380,7,2,876.08
2058,1380,1,1,23485.85
2059,1380,3,1,1935.2
2060,1381,7,2,870.76
2061,1381,1,2,23055.21
2062,1382,5,1,4083.38
2063,1382,1,2,24859.99
2064,1383,1,2,24736.9
2065,1384,1,1,24526.09
2066,1385,2,2,59984.54
2067,1386,5,2,4129.22
2068,1387,3,1,1980.81
2069,1387,7,2,885.66
2070,1388,4,1,769.98
2071,1388,2,2,58834.48
2072,1389,2,1,55073.05
2073,1389,1,1,24601.51
2074,1390,2,2,56690.45
2075,1391,2,1,59557.68
2076,1392,2,1,59166.2
2077,1392,1,1,22730.67
2078,1392,1,1,24226.56
2079,1393,5,2,4217.79
2080,1394,2,2,59407.07
2081,1395,1,2,22602.38
2082,1395,3,2,1865.12
2083,1396,1,2,24706.95
2084,1396,2,1,55959.73
2085,1396,1,1,22821.87
2086,1397,2,2,56700.15
2087,1398,3,2,1871.15
2088,1399,2,2,58134.86
2089,1400,5,2,4267.58
2090,1401,3,2,1814.45
2091,1401,2,1,59342.82
2092,1402,1,2,24381.02
2093,1403,2,2,54661.03
2094,1403,3,1,1895.4
2095,1404,5,1,4376.79
2096,1404,6,1,1173.35
2097,1405,1,1,24178.05
2098,1406,3,1,1938.56
2099,1407,5,1,4394.2
2100,1407,5,2,4302.61
2101,1408,6,1,1198.36
2102,1408,6,2,1149.35
2103,1409,4,1,743.33
2104,1409,1,1,22633.59
2105,1410,1,1,23949.08
2106,1410,2,1,56894.54
2107,1410,1,1,23748.11
2108,1411,4,1,744.94
2109,1412,4,1,765.56
2110,1413,5,1,4165.5
2111,1413,2,2,57494.37
2112,1414,5,1,4236.49
2113,1415,6,2,1111.76
2114,1415,3,1,1999.34
2115,1416,5,1,4302.18
2116,1416,1,2,22622.9
2117,1417,1,1,22516.31
2118,1418,1,1,24601.96
2119,1419,3,2,1887.43
2120,1420,1,2,22680.94
2121,1421,1,1,24238.15
2122,1421,1,2,23564.73
2123,1421,1,1,22636.71
2124,1422,4,1,720.43
2125,1423,1,1,24820.84
2126,1423,2,2,54576.76
2127,1424,7,1,851.64
2128,1425,2,2,54846.76
2129,1425,6,2,1126.22
2130,1426,1,1,24084.62
2131,1427,1,1,24317.44
2132,1427,1,2,22696.75
2133,1427,4,2,773.94
2134,1428,1,1,23253.08
2135,1429,2,1,56668.54
2136,1430,3,1,1860.53
2137,1431,1,1,23614.45
2138,1431,4,2,730.26
2139,1432,4,1,765.2
2140,1433,1,1,24704.29
2141,1433,5,2,4301.76
2142,1434,1,2,22719.29
2143,1435,1,2,24666.73
2144,1436,1,2,23206.35
2145,1436,7,1,885.64
2146,1436,5,1,4373.56
2147,1437,3,1,1971.58
2148,1438,5,1,4200.4
2149,1439,2,1,57783.36
2150,1440,5,1,4283.2
2151,1440,5,2,4334.61
2152,1441,1,2,22532.53
2153,1442,2,2,56397.59
2154,1442,2,2,59545.31
2155,1442,1,1,24197.25
2156,1443,3,1,1843.86
2157,1444,2,1,59603.71
2158,1445,4,2,794.95
2159,1446,2,2,55119.47
2160,1447,2,1,54738.31
2161,1448,1,1,23295.88
2162,1448,2,1,54641.95
2163,1448,4,2,739.81
2164,1449,1,1,22552.27
2165,1450,5,1,4326.79
2166,1451,4,1,738.39
2167,1452,5,2,4330.97
2168,1453,4,1,765.34
2169,1453,6,2,1194.39
2170,1454,1,1,24318.95
2171,1455,1,2,24823.96
2172,1456,1,2,23901.74
2173,1457,1,2,22813.81
2174,1458,2,2,59259.36
2175,1458,5,1,4347.85
2176,1459,1,2,24229.66
2177,1460,2,2,56466.89
2178,1461,3,1,1813.45
2179,1462,1,1,24606.14
2180,1463,2,2,56964.07
2181,1464,2,2,54710.17
2182,1465,1,1,24475.65
2183,1465,1,2,23780.75
2184,1466,4,2,752.84
2185,1467,1,1,24704.76
2186,1468,2,1,55188.78
2187,1469,2,2,56413.65
2188,1470,1,2,22984.29
2189,1471,3,1,1859.55
2190,1472,6,2,1083.84
2191,1473,1,1,24027.15
2192,1473,4,1,763.49
2193,1473,4,2,754.86
2194,1474,1,1,22611.92
2195,1475,6,1,1091.26
2196,1476,3,1,1820.93
2197,1477,1,2,23459.48
2198,1477,2,2,55899.61
2199,1478,3,2,1965.11
2200,1479,4,1,755.32
2201,1480,6,2,1187.58
2202,1481,3,2,1851.54
2203,1481,2,2,56447.78
2204,1481,1,1,23052.87
2205,1482,2,1,56871.87
2206,1483,1,1,22825.88
2207,1484,7,1,817.88
2208,1484,6,2,1185.68
2209,1485,6,1,1131.87
2210,1486,1,1,23112.0
2211,1486,6,1,1133.61
2212,1487,4,1,752.88
2213,1488,1,2,24929.88
2214,1488,5,2,4085.81
2215,1489,1,2,24083.66
2216,1489,2,2,59180.95
2217,1489,1,1,22737.6
2218,1490,5,2,4396.16
2219,1491,3,2,1807.47
2220,1492,4,1,760.78
2221,1493,1,2,24722.11
2222,1494,1,2,24102.52
2223,1495,4,1,731.61
2224,1495,2,2,54845.21
2225,1495,4,2,799.35
2226,1496,6,1,1113.46
2227,1496,1,2,22928.5
2228,1497,2,1,54342.8
2229,1498,6,1,1189.65
2230,1498,1,1,24578.93
2231,1499,1,2,24408.27
2232,1500,1,2,22822.45
2233,1501,1,1,22821.29
2234,1502,2,2,54196.8
2235,1503,4,2,738.72
2236,1504,2,1,54969.83
2237,1505,1,1,24787.14
2238,1505,3,1,1984.35
2239,1505,4,1,721.47
2240,1506,3,2,1840.07
2241,1507,1,1,23618.03
2242,1508,2,2,58692.01
2243,1509,3,1,1859.53
2244,1509,1,2,24596.55
2245,1510,1,2,24783.25
2246,1510,1,1,23287.1
2247,1511,2,2,57764.38
2248,1512,1,1,24771.09
2249,1513,1,2,23258.74
2250,1514,4,1,793.81
2251,1515,4,2,725.0
2252,1516,3,2,1938.7
2253,1516,1,1,22641.21
2254,1517,2,1,57820.16
2255,1517,2,1,57132.76
2256,1518,6,2,1136.79
2257,1519,2,2,58337.66
2258,1519,5,2,4274.04
2259,1520,1,2,23972.89
2260,1520,1,1,23075.21
2261,1521,2,1,54064.03
2262,1522,1,1,24515.24
2263,1522,1,2,24027.27
2264,1523,1,1,22773.2
2265,1524,2,2,58663.23
2266,1524,2,2,59130.66
2267,1525,2,2,54316.54
2268,1526,5,2,4068.44
2269,1527,2,2,58464.76
2270,1527,1,1,24268.81
2271,1528,1,2,24277.47
2272,1529,2,1,55054.03
2273,1530,3,2,1930.5
2274,1530,1,2,23494.09
2275,1530,1,2,22958.0
2276,1531,2,2,57310.97
2277,1531,1,1,22806.57
2278,1532,5,1,4126.39
2279,1533,1,1,22524.62
2280,1533,3,1,1866.67
2281,1533,3,1,1841.86
2282,1534,1,1,23537.12
2283,1535,7,1,839.81
2284,1535,1,1,23124.9
2285,1536,2,1,57197.26
2286,1536,1,2,23715.14
2287,1537,2,1,58666.08
2288,1538,4,1,774.65
2289,1538,6,2,1143.66
2290,1539,5,2,4073.42
2291,1540,2,2,56235.63
2292,1540,1,2,23964.66
2293,1541,1,1,23300.47
2294,1541,6,1,1089.96
2295,1541,5,1,4386.71
2296,1542,1,2,24540.57
2297,1543,4,2,750.89
2298,1543,2,1,58807.03
2299,1543,2,1,59773.8
2300,1544,1,2,24355.78
2301,1545,1,2,22813.6
2302,1545,5,2,4488.18
2303,1546,4,2,746.48
2304,1546,1,2,24327.76
2305,1547,1,2,23987.38
2306,1548,4,1,770.31
2307,1548,1,1,24962.38
2308,1549,7,1,810.02
2309,1550,1,2,24597.22
2310,1551,2,2,58670.23
2311,1552,1,1,23688.24
2312,1552,2,2,58088.76
2313,1553,3,2,1923.15
2314,1554,1,1,23219.7
2315,1554,2,2,56492.96
2316,1555,5,2,4218.27
2317,1556,7,2,820.3
2318,1556,2,1,59526.42
2319,1556,1,1,23414.8
2320,1557,2,2,58942.81
2321,1558,2,2,54633.59
2322,1559,2,1,58272.05
2323,1559,1,2,22815.49
2324,1560,2,1,59776.71
2325,1560,1,2,23728.52
2326,1561,6,1,1125.16
2327,1561,2,1,54117.02
2328,1562,2,2,56617.29
2329,1562,3,1,1923.87
2330,1563,3,2,1897.28
2331,1563,5,1,4346.71
2332,1564,4,1,738.88
2333,1564,5,1,4110.35
2334,1564,1,2,22736.92
2335,1565,2,1,54010.87
2336,1566,2,2,55732.86
2337,1567,7,1,828.42
2338,1568,3,2,1872.96
2339,1569,1,1,24237.99
2340,1569,5,2,4143.28
2341,1570,1,2,24394.34
2342,1571,1,2,23943.0
2343,1572,1,2,22507.11
2344,1573,2,1,56263.51
2345,1573,1,1,24427.6
2346,1573,2,1,54762.2
2347,1574,1,2,24687.35
2348,1575,4,1,780.86
2349,1575,2,1,59388.74
2350,1576,1,2,23766.37
2351,1576,1,2,24221.61
2352,1577,7,1,876.01
2353,1577,2,2,58825.83
2354,1577,7,2,818.79
2355,1578,1,1,22920.65
2356,1578,2,1,56157.26
2357,1579,2,2,56540.32
2358,1580,6,2,1134.22
2359,1581,1,1,22777.59
2360,1581,5,2,4296.61
2361,1582,6,1,1092.21
2362,1582,2,2,54915.95
2363,1583,2,2,57962.32
2364,1583,1,2,23529.37
2365,1584,4,1,748.79
2366,1585,2,1,59479.24
2367,1585,7,2,881.18
2368,1586,2,2,54064.02
2369,1586,6,2,1109.66
2370,1587,3,2,1850.36
2371,1587,2,2,54780.16
2372,1587,1,2,24483.84
2373,1588,1,1,23690.05
2374,1589,1,1,24542.19
2375,1589,2,1,57579.95
2376,1589,1,2,23412.73
2377,1590,2,1,54376.33
2378,1590,1,2,22769.91
2379,1591,5,2,4448.57
2380,1592,2,2,57058.41
2381,1592,2,1,54846.66
2382,1593,7,2,840.2
2383,1593,2,1,54150.84
2384,1594,2,2,57526.77
2385,1594,1,1,22818.92
2386,1595,4,2,725.96
2387,1595,1,1,23617.9
2388,1595,1,2,24233.02
2389,1596,1,1,23802.19
2390,1597,1,2,24044.24
2391,1597,5,2,4364.22
2392,1598,4,1,783.06
2393,1599,5,2,4158.12
2394,1600,2,1,55206.82
2395,1601,3,1,1951.66
2396,1602,1,1,23691.88
2397,1602,7,2,867.6
2398,1603,1,1,23489.36
2399,1603,4,1,750.51
2400,1604,1,2,24644.41
2401,1605,6,1,1102.16
2402,1606,1,1,23603.07
2403,1607,2,1,58035.13
2404,1608,1,1,24660.58
2405,1608,1,1,22777.49
2406,1609,1,1,24507.69
2407,1610,7,2,845.86
2408,1611,1,2,23715.93
2409,1612,2,1,57454.71
2410,1613,6,1,1101.58
2411,1614,1,1,24699.53
2412,1615,1,2,22582.06
2413,1616,1,2,23590.75
2414,1617,2,2,59114.63
2415,1617,4,2,781.01
2416,1617,2,2,55903.53
2417,1618,3,1,1894.09
2418,1619,1,1,24531.73
2419,1620,3,2,1802.07
2420,1621,1,2,24409.03
2421,1621,1,2,24919.66
2422,1622,3,1,1822.62
2423,1622,2,1,56856.35
2424,1623,6,1,1169.23
2425,1623,7,1,852.19
2426,1624,6,1,1107.22
2427,1625,4,2,747.25
2428,1626,1,2,24157.27
2429,1627,5,2,4303.07
2430,1627,5,2,4488.99
2431,1628,1,1,23675.93
2432,1629,4,1,727.17
2433,1629,4,1,779.7
2434,1629,2,1,58728.96
2435,1630,3,2,1871.56
2436,1630,1,1,24645.93
2437,1631,1,1,23292.5
2438,1631,1,1,23958.33
2439,1631,4,2,748.51
2440,1632,2,2,54022.32
2441,1632,1,1,22666.18
2442,1633,1,1,23621.21
2443,1634,2,1,58634.47
2444,1634,2,1,54801.09
2445,1634,3,2,1977.54
2446,1635,7,1,878.46
2447,1636,1,1,23682.93
2448,1637,1,2,22528.82
2449,1637,5,1,4402.49
2450,1638,4,1,798.87
2451,1639,6,1,1083.65
2452,1640,6,1,1087.69
2453,1640,3,2,1899.44
2454,1641,2,1,56700.57
2455,1642,1,1,24173.14
2456,1643,2,1,55241.02
2457,1644,1,1,23150.16
2458,1644,2,2,58134.65
2459,1645,2,2,55858.37
2460,1646,1,2,24183.79
2461,1647,3,1,1946.14
2462,1648,1,2,22854.03
2463,1648,2,1,55186.95
2464,1648,2,2,59740.89
2465,1649,1,1,24214.01
2466,1650,3,2,1960.71
2467,1650,1,1,24883.3
2468,1651,2,1,57121.08
2469,1652,7,2,818.6
2470,1653,3,2,1888.72
2471,1654,3,2,1944.25
2472,1655,4,2,772.01
2473,1655,6,1,1098.68
2474,1656,2,1,55487.59
2475,1657,3,1,1863.3
2476,1657,1,1,24414.41
2477,1657,2,1,58584.22
2478,1658,1,2,22953.05
2479,1659,5,2,4454.38
2480,1659,1,1,24846.45
2481,1660,7,2,839.98
2482,1661,3,1,1834.03
2483,1662,1,2,23885.32
2484,1663,1,2,24930.57
2485,1663,2,1,58145.12
2486,1664,2,1,57577.1
2487,1664,2,2,59809.25
2488,1665,6,1,1158.2
2489,1665,2,2,59143.16
2490,1665,2,1,55915.9
2491,1666,2,1,56900.35
2492,1667,2,1,59077.16
2493,1668,4,2,783.51
2494,1669,5,1,4291.84
2495,1669,2,2,58185.88
2496,1670,2,1,58080.28
2497,1671,4,1,727.59
2498,1671,1,1,23892.62
2499,1672,4,1,732.17
2500,1672,2,2,54817.5
2501,1673,4,2,778.73
2502,1673,5,1,4313.63
2503,1674,1,2,24648.33
2504,1674,2,2,56388.33
2505,1675,4,2,784.21
2506,1676,1,1,22739.23
2507,1676,4,1,796.77
2508,1677,4,1,753.06
2509,1678,2,2,57378.08
2510,1679,5,2,4397.41
2511,1680,1,1,23548.47
2512,1680,6,1,1158.74
2513,1681,5,1,4181.73
2514,1681,1,1,24797.6
2515,1682,1,1,23005.21
2516,1682,7,2,845.39
2517,1683,1,2,22996.63
2518,1684,3,2,1813.97
2519,1685,2,2,57955.97
2520,1685,1,1,22653.86
2521,1686,2,1,55876.1
2522,1687,1,1,23658.87
2523,1688,3,1,1955.2
2524,1689,2,1,58024.48
2525,1689,2,1,54870.2
2526,1690,3,2,1981.45
2527,1690,4,1,720.69
2528,1691,4,1,747.82
2529,1691,1,2,23506.78
2530,1691,5,1,4238.26
2531,1692,3,1,1964.65
2532,1692,3,2,1890.31
2533,1693,7,1,817.16
2534,1694,3,2,1975.5
2535,1695,5,1,4240.59
2536,1696,1,1,23082.63
2537,1697,1,2,24397.57
2538,1697,1,1,22537.5
2539,1697,5,1,4096.0
2540,1698,3,2,1900.51
2541,1698,1,1,24091.07
2542,1699,1,2,23192.56
2543,1699,2,2,55557.66
2544,1700,1,2,24185.55
2545,1701,1,1,23856.37
2546,1702,5,1,4414.04
2547,1702,5,1,4476.17
2548,1702,2,1,57639.07
2549,1703,1,1,23446.61
2550,1703,4,2,742.04
2551,1704,1,1,23741.0
2552,1705,2,2,54546.82
2553,1706,1,2,24127.94
2554,1706,6,2,1129.53
2555,1707,4,2,728.97
2556,1708,2,2,57223.02
2557,1709,2,2,59719.95
2558,1710,1,1,23530.23
2559,1711,2,2,59586.72
2560,1712,1,1,24267.58
2561,1712,1,1,24134.41
2562,1712,5,2,4414.83
2563,1713,2,2,57074.64
2564,1713,1,1,23035.44
2565,1713,1,1,22925.92
2566,1714,5,1,4369.47
2567,1715,2,1,59426.41
2568,1716,2,1,55057.17
2569,1716,2,1,56367.96
2570,1716,2,2,57512.92
2571,1717,4,2,744.75
2572,1718,7,1,848.52
2573,1718,1,2,24476.76
2574,1719,2,2,57113.62
2575,1720,2,1,54378.96
2576,1720,4,2,757.69
2577,1721,6,2,1121.98
2578,1722,6,2,1108.47
2579,1722,5,2,4386.69
2580,1723,1,2,23758.05
2581,1723,1,2,23036.59
2582,1723,1,1,24514.93
2583,1724,2,2,58997.59
2584,1725,2,1,59071.35
2585,1725,1,1,22579.05
2586,1726,3,2,1899.14
2587,1727,5,1,4365.34
2588,1728,1,2,24664.32
2589,1728,3,2,1924.68
2590,1729,3,2,1871.19
2591,1729,2,2,56548.07
2592,1730,2,2,55512.42
2593,1731,1,2,23204.2
2594,1732,4,2,726.4
2595,1733,2,1,55725.32
2596,1734,2,2,56591.06
2597,1735,2,1,54184.65
2598,1736,2,2,54623.04
2599,1736,3,1,1986.31
2600,1737,6,2,1103.58
2601,1737,5,2,4399.78
2602,1738,4,2,788.37
2603,1738,2,2,56310.3
2604,1739,5,2,4271.34
2605,1739,4,1,729.09
2606,1740,2,1,59391.83
2607,1740,2,2,57542.29
2608,1741,6,1,1095.26
2609,1742,3,1,1981.52
2610,1743,2,1,57337.42
2611,1743,2,2,57211.52
2612,1744,7,2,897.63
2613,1744,1,1,23196.42
2614,1745,1,1,22857.7
2615,1745,3,2,1863.9
2616,1746,1,1,23916.11
2617,1747,2,1,54702.27
2618,1748,1,1,24170.45
2619,1749,1,1,23773.06
2620,1749,2,2,58299.79
2621,1750,4,2,721.85
2622,1751,6,2,1095.19
2623,1752,2,1,56956.05
2624,1753,1,1,24980.04
2625,1754,2,2,55692.0
2626,1754,7,2,879.11
2627,1755,2,2,57999.68
2628,1756,1,1,24614.36
2629,1756,3,2,1924.06
2630,1757,1,2,23965.46
2631,1758,5,2,4256.82
2632,1759,2,2,59956.82
2633,1760,5,2,4366.33
2634,1761,1,2,24125.74
2635,1762,1,2,24604.83
2636,1763,1,1,23526.75
2637,1764,2,2,58679.76
2638,1764,2,1,54251.28
2639,1765,7,1,881.84
2640,1766,4,1,765.88
2641,1766,4,2,764.79
2642,1767,4,2,721.52
2643,1768,2,1,57072.11
2644,1768,5,2,4247.56
2645,1769,5,1,4286.51
2646,1770,5,1,4360.42
2647,1771,3,2,1998.91
2648,1772,1,1,23935.73
2649,1773,1,1,23096.91
2650,1773,6,2,1183.32
2651,1774,4,2,777.89
2652,1774,7,1,847.62
2653,1775,4,1,775.35
2654,1776,7,1,822.06
2655,1776,4,1,727.87
2656,1777,3,2,1822.5
2657,1777,5,1,4407.05
2658,1777,1,1,23433.92
2659,1778,2,1,59599.35
2660,1779,2,1,55917.91
2661,1779,1,2,23390.53
2662,1779,1,2,24312.18
2663,1780,1,1,23498.32
2664,1780,2,2,55634.8
2665,1781,4,1,787.9
2666,1781,4,2,720.78
2667,1782,4,1,724.15
2668,1783,2,1,59660.14
2669,1783,5,1,4121.16
2670,1783,1,2,24451.3
2671,1784,2,1,57188.92
2672,1784,5,2,4337.1
2673,1785,1,1,22869.37
2674,1785,1,2,24330.73
2675,1786,7,2,882.45
2676,1786,4,2,726.7
2677,1787,1,1,24936.7
2678,1788,5,1,4306.88
2679,1788,2,2,59172.62
2680,1789,1,1,24570.11
2681,1789,1,2,24303.72
2682,1790,1,2,22910.46
2683,1791,4,2,728.66
2684,1792,2,1,55027.95
2685,1793,3,2,1829.51
2686,1793,1,2,22720.02
2687,1794,4,2,749.32
2688,1794,2,2,56774.17
2689,1795,4,1,745.15
2690,1796,1,1,24659.84
2691,1796,2,2,58952.27
2692,1797,6,2,1149.24
2693,1797,5,2,4229.35
2694,1797,7,1,810.48
2695,1798,2,1,59250.73
2696,1799,3,2,1970.3
2697,1800,6,1,1174.19
2698,1800,2,1,57117.01
2699,1801,4,2,796.33
2700,1802,4,1,767.35
2701,1802,2,1,55120.68
2702,1803,1,1,22791.11
2703,1804,1,1,23484.94
2704,1805,2,1,57325.94
2705,1806,4,2,774.99
2706,1807,2,1,58529.24
2707,1808,2,2,56733.7
2708,1808,1,1,22528.47
2709,1809,6,2,1180.29
2710,1809,1,2,24544.96
2711,1810,2,1,57853.92
2712,1811,7,2,852.89
2713,1811,7,2,818.69
2714,1812,4,1,798.22
2715,1812,5,1,4303.27
2716,1812,7,2,892.22
2717,1813,2,1,58138.21
2718,1814,5,2,4203.26
2719,1814,4,1,752.18
2720,1815,5,1,4310.79
2721,1816,4,2,756.66
2722,1817,1,1,23133.64
2723,1817,1,1,24426.2
2724,1818,5,2,4067.49
2725,1818,6,1,1162.07
2726,1819,3,2,1897.0
2727,1819,1,2,22753.16
2728,1820,2,2,57385.81
2729,1820,3,2,1873.62
2730,1821,5,1,4206.7
2731,1822,3,2,1912.07
2732,1822,3,1,1890.85
2733,1823,2,2,57462.73
2734,1823,1,2,24339.29
2735,1824,5,2,4112.22
2736,1825,3,2,1851.37
2737,1826,4,1,759.19
2738,1827,5,2,4478.91
2739,1828,1,2,23269.31
2740,1829,2,2,55890.05
2741,1830,2,1,56146.71
2742,1831,4,1,737.61
2743,1831,5,1,4311.47
2744,1831,2,1,59116.0
2745,1832,2,2,58421.98
2746,1832,1,2,23660.83
2747,1833,2,1,59582.2
2748,1834,1,1,24716.47
2749,1835,1,1,22767.21
2750,1835,3,1,1874.0
2751,1836,1,2,23808.15
2752,1836,5,1,4375.18
2753,1837,2,1,58475.19
2754,1838,1,1,24387.35
2755,1838,5,2,4380.13
2756,1839,1,2,24949.79
2757,1839,2,2,54248.25
2758,1840,2,2,54426.15
2759,1841,4,2,789.91
2760,1842,5,2,4180.02
2761,1843,1,1,23799.17
2762,1844,2,2,58752.02
2763,1844,1,1,22811.84
2764,1845,4,2,743.3
2765,1846,6,1,1131.94
2766,1847,2,2,59659.79
2767,1848,2,1,55433.43
2768,1849,1,1,23689.14
2769,1850,1,1,24109.73
2770,1850,1,1,24655.38
2771,1851,4,2,754.25
2772,1851,2,1,59370.4
2773,1852,4,1,777.53
2774,1853,6,2,1165.18
2775,1854,3,1,1907.02
2776,1854,5,2,4284.37
2777,1854,1,2,23130.7
2778,1855,1,1,24152.43
2779,1856,3,1,1871.98
2780,1857,5,2,4139.27
2781,1857,2,1,54188.17
2782,1857,1,1,24334.8
2783,1858,2,1,57048.98
2784,1859,4,2,763.53
2785,1860,1,2,24085.82
2786,1861,2,2,55014.62
2787,1861,1,1,24140.28
2788,1862,4,1,772.76
2789,1863,2,1,54649.36
2790,1864,1,2,23421.41
2791,1864,2,2,56979.3
2792,1864,2,2,59123.69
2793,1865,1,1,22830.17
2794,1866,2,2,59132.45
2795,1867,1,1,24054.56
2796,1868,1,1,23079.65
2797,1868,1,1,24836.63
2798,1869,3,1,1885.86
2799,1870,2,2,55087.17
2800,1871,2,1,58325.36
2801,1871,4,1,738.15
2802,1872,5,1,4416.39
2803,1873,2,2,57327.58
2804,1873,3,2,1961.96
2805,1873,7,2,828.54
2806,1874,3,2,1991.98
2807,1874,6,1,1140.67
2808,1875,4,1,755.43
2809,1876,2,2,57073.27
2810,1877,1,2,23752.8
2811,1878,2,1,56252.26
2812,1878,2,2,59453.51
2813,1879,2,1,54022.61
2814,1879,7,1,812.11
2815,1879,2,2,55908.91
2816,1880,2,2,59079.33
2817,1881,3,2,1906.54
2818,1882,2,1,55598.27
2819,1883,1,1,23753.62
2820,1883,1,1,24725.76
2821,1884,2,1,54722.04
2822,1885,6,2,1191.35
2823,1886,1,2,24493.79
2824,1887,5,2,4095.24
2825,1888,1,1,23536.2
2826,1889,2,2,58191.81
2827,1890,1,1,23092.45
2828,1890,2,1,56935.18
2829,1891,1,1,23835.96
2830,1892,1,2,24083.84
2831,1892,2,1,59260.11
2832,1893,1,2,23318.05
2833,1894,1,1,24973.8
2834,1895,1,2,23634.38
2835,1896,4,1,746.46
2836,1897,2,1,54268.51
2837,1898,6,1,1194.88
2838,1899,1,2,23274.41
2839,1900,1,1,23062.26
2840,1901,1,2,23340.41
2841,1902,4,2,742.23
2842,1903,1,2,23544.92
2843,1903,2,2,58951.93
2844,1903,1,2,22720.32
2845,1904,1,2,24109.2
2846,1904,2,2,58921.76
2847,1905,1,2,24488.04
2848,1906,2,1,57229.96
2849,1906,1,1,23612.01
2850,1906,2,2,59413.47
2851,1907,5,2,4293.52
2852,1907,5,2,4094.32
2853,1908,1,1,23146.62
2854,1909,1,2,24370.09
2855,1910,3,2,1898.71
2856,1911,4,1,748.11
2857,1911,3,2,1869.52
2858,1912,1,1,23419.62
2859,1912,4,2,768.17
2860,1913,1,1,23424.72
2861,1914,3,1,1849.98
2862,1914,3,1,1976.93
2863,1915,2,2,56774.17
2864,1915,6,2,1193.08
2865,1916,1,1,22945.63
2866,1916,1,2,24524.19
2867,1917,3,2,1981.28
2868,1917,2,1,58298.86
2869,1918,1,1,24305.24
2870,1919,1,2,23276.5
2871,1920,1,2,24234.7
2872,1921,1,1,24404.36
2873,1921,3,2,1850.23
2874,1922,4,2,789.11
2875,1922,1,1,23490.59
2876,1923,3,1,1869.55
2877,1924,3,1,1859.12
2878,1924,1,1,24470.3
2879,1925,7,2,826.16
2880,1925,2,2,58120.61
2881,1926,4,1,763.73
2882,1927,7,2,835.64
2883,1927,2,1,58816.07
2884,1928,4,1,783.31
2885,1928,2,2,56659.08
2886,1929,1,2,22625.16
2887,1929,3,1,1955.6
2888,1930,2,2,58171.91
2889,1931,7,2,815.1
2890,1932,1,1,23251.64
2891,1933,1,1,24036.6
2892,1934,5,1,4460.62
2893,1935,5,2,4202.61
2894,1936,2,2,59991.7
2895,1937,1,1,24084.42
2896,1938,2,2,54055.52
2897,1939,1,2,23816.3
2898,1940,2,1,55764.02
2899,1941,2,1,55872.77
2900,1942,6,2,1107.87
2901,1943,1,1,23991.58
2902,1944,1,2,24177.44
2903,1945,1,2,23263.31
2904,1945,2,2,54425.23
2905,1946,2,2,54849.31
2906,1947,1,1,24810.89
2907,1947,7,1,865.45
2908,1948,2,1,59694.48
2909,1949,1,1,24059.07
2910,1949,1,2,23580.99
2911,1950,4,2,793.97
2912,1950,1,1,24252.85
2913,1951,7,1,833.68
2914,1952,3,2,1845.97
2915,1953,1,2,23640.77
2916,1954,7,1,831.38
2917,1955,1,2,22535.69
2918,1956,4,2,777.29
2919,1956,1,1,22877.29
2920,1957,1,2,24065.61
2921,1957,1,2,23594.91
2922,1958,5,1,4165.31
2923,1959,1,1,23262.2
2924,1960,6,2,1162.04
2925,1960,5,1,4251.7
2926,1960,1,2,23717.54
2927,1961,1,1,24288.91
2928,1961,2,1,59455.59
2929,1962,1,1,23292.11
2930,1963,2,2,59303.99
2931,1963,2,1,55894.77
2932,1964,6,1,1197.46
2933,1965,1,1,23434.09
2934,1965,1,2,22780.6
2935,1966,2,2,54046.7
2936,1967,1,2,24059.38
2937,1967,1,1,22506.75
2938,1968,3,1,1872.66
2939,1969,6,2,1165.25
2940,1970,1,2,24117.68
2941,1971,2,1,55258.65
2942,1972,2,2,55288.41
2943,1973,1,2,24876.34
2944,1974,4,1,750.24
2945,1974,3,2,1835.89
2946,1974,1,2,24022.5
2947,1975,2,1,54369.85
2948,1976,2,2,54455.23
2949,1976,5,1,4420.13
2950,1976,2,1,55134.1
2951,1977,4,2,742.09
2952,1978,1,2,23305.85
2953,1979,2,1,58993.43
2954,1979,1,2,22686.86
2955,1980,1,2,24947.32
2956,1981,7,1,895.42
2957,1982,7,2,824.01
2958,1983,2,1,56510.3
2959,1984,1,1,24176.76
2960,1985,5,2,4316.92
2961,1985,7,1,828.93
2962,1986,3,2,1893.81
2963,1987,3,1,1878.8
2964,1988,1,2,23675.62
2965,1989,1,1,24259.86
2966,1989,6,1,1168.0
2967,1989,1,2,24831.36
2968,1990,1,1,22767.3
2969,1991,3,1,1957.26
2970,1992,7,2,816.5
2971,1992,5,1,4161.97
2972,1993,1,1,23350.69
2973,1993,5,1,4247.64
2974,1994,1,1,24561.81
2975,1994,1,2,24679.49
2976,1995,2,1,54308.01
2977,1996,1,2,24282.54
2978,1997,1,2,22627.13
2979,1998,3,1,1881.08
2980,1999,5,1,4110.27
2981,2000,4,2,725.48
2982,2000,7,1,846.59
2983,2000,5,2,4395.23
2984,2001,1,2,22819.62
2985,2001,2,2,58361.18
2986,2002,5,1,4218.97
2987,2002,5,2,4078.98
2988,2003,6,1,1127.82
2989,2004,3,1,1957.59
2990,2005,7,1,868.83
2991,2006,4,2,721.81
2992,2006,1,2,23013.42
2993,2007,3,1,1893.51
2994,2007,1,1,24758.52
2995,2008,1,1,24625.67
2996,2009,7,2,894.49
2997,2009,1,1,24803.58
2998,2010,6,2,1088.58
2999,2011,1,1,23467.67
3000,2012,6,1,1151.44
3001,2013,3,1,1998.91
3002,2013,1,2,22895.6
3003,2014,1,1,23237.16
3004,2014,1,1,23215.45
3005,2015,2,1,59509.55
3006,2016,3,2,1804.33
3007,2016,2,2,55158.95
3008,2017,2,2,54792.97
3009,2017,1,2,22905.59
3010,2018,5,1,4288.84
3011,2019,3,1,1906.39
3012,2020,2,2,55495.77
3013,2021,5,1,4464.81
3014,2022,5,1,4138.01
3015,2023,2,2,55622.68
3016,2023,1,1,23137.51
3017,2024,7,1,864.02
3018,2025,2,2,54285.11
3019,2026,3,2,1878.54
3020,2027,2,2,58188.45
3021,2028,5,2,4240.91
3022,2029,5,2,4476.62
3023,2030,7,1,852.88
3024,2031,1,1,22559.94
3025,2032,2,2,54123.86
3026,2033,1,2,23213.81
3027,2033,1,2,23141.11
3028,2033,4,1,786.85
3029,2034,4,2,772.79
3030,2034,3,1,1969.31
3031,2034,4,1,736.55
3032,2035,1,2,24358.76
3033,2035,5,1,4230.38
3034,2035,3,1,1956.15
3035,2036,5,2,4352.35
3036,2037,1,2,22931.52
3037,2037,7,2,894.75
3038,2037,7,2,841.72
3039,2038,1,2,23044.76
3040,2039,2,2,55358.58
3041,2039,4,1,758.32
3042,2040,3,1,1854.37
3043,2041,1,1,24482.53
3044,2042,7,2,874.27
3045,2043,3,2,1832.58
3046,2043,1,2,24552.58
3047,2044,1,2,22827.19
3048,2045,2,1,58488.97
3049,2046,1,2,24596.76
3050,2047,1,2,24215.92
3051,2048,4,1,751.63
3052,2049,3,2,1806.6
3053,2049,3,2,1903.54
3054,2050,1,1,24219.91
3055,2050,2,2,58021.92
3056,2051,4,1,794.62
3057,2051,1,1,24118.62
3058,2052,6,2,1172.22
3059,2053,5,2,4161.38
3060,2054,5,1,4138.83
3061,2055,4,1,720.15
3062,2056,1,1,24868.69
3063,2056,5,2,4209.93
3064,2057,1,2,24402.23
3065,2057,7,2,834.04
3066,2058,3,1,1867.76
3067,2059,3,1,1936.26
3068,2060,3,2,1907.5
3069,2061,5,1,4234.62
3070,2061,1,2,23413.11
3071,2061,2,2,54247.5
3072,2062,3,1,1908.47
3073,2063,3,2,1929.42
3074,2063,5,2,4275.96
3075,2064,1,1,24407.5
3076,2065,5,2,4169.05
3077,2066,2,2,59213.71
3078,2067,1,1,23536.84
3079,2067,2,2,55421.56
3080,2067,2,1,55200.05
3081,2068,2,2,55832.12
3082,2069,1,1,24347.01
3083,2070,4,2,721.26
3084,2070,1,1,22782.76
3085,2071,6,2,1089.98
3086,2071,2,2,59742.64
3087,2072,1,2,22555.39
3088,2072,2,2,56186.46
3089,2073,1,2,24303.88
3090,2074,5,2,4139.28
3091,2074,5,1,4490.99
3092,2075,7,2,858.3
3093,2075,1,2,23410.97
3094,2076,3,1,1979.08
3095,2077,7,2,892.48
3096,2078,6,1,1186.8
3097,2079,1,2,22795.86
3098,2080,1,1,24978.99
3099,2080,1,2,24558.37
3100,2080,3,1,1823.08
3101,2081,1,1,22711.82
3102,2082,2,1,57022.64
3103,2082,1,1,24759.95
3104,2083,4,2,765.92
3105,2084,6,2,1184.32
3106,2084,5,2,4302.24
3107,2085,1,2,23500.8
3108,2086,2,2,59599.66
3109,2087,7,2,875.55
3110,2087,5,1,4242.52
3111,2088,5,1,4179.66
3112,2089,2,2,57101.02
3113,2089,1,1,23949.45
3114,2090,1,2,22722.32
3115,2091,2,2,58671.38
3116,2092,2,2,56537.26
3117,2092,1,2,23906.67
3118,2093,2,2,54329.43
3119,2093,1,2,23424.86
3120,2093,7,1,882.35
3121,2094,6,1,1105.86
3122,2095,2,2,58871.17
3123,2096,5,2,4407.33
3124,2096,3,1,1943.55
3125,2097,4,2,788.98
3126,2097,1,1,22557.78
3127,2098,5,1,4235.06
3128,2099,1,2,23478.7
3129,2099,3,2,1982.05
3130,2099,2,2,55011.09
3131,2100,1,2,22545.85
3132,2101,1,2,24016.02
3133,2102,1,2,23159.9
3134,2103,5,2,4063.29
3135,2103,2,2,55827.81
3136,2103,3,1,1973.98
3137,2104,2,1,57821.65
3138,2104,5,1,4091.33
3139,2105,4,1,774.95
3140,2106,3,2,1964.65
3141,2106,2,1,59889.47
3142,2107,2,2,55821.06
3143,2107,2,1,58721.57
3144,2108,3,2,1974.9
3145,2108,1,1,24192.75
3146,2109,3,2,1802.44
3147,2110,3,2,1818.27
3148,2110,1,2,23327.22
3149,2111,2,2,56821.7
3150,2112,2,2,58036.28
3151,2113,1,2,24492.89
3152,2114,1,1,24354.52
3153,2115,4,1,783.34
3154,2115,2,1,57528.52
