payment_id,order_id,payment_method,payment_status,amount_paid,payment_date
1,1,CARD,SUCCESS,1,2024-03-12
2,2,CARD,SUCCESS,1,2023-09-23
3,3,UPI,SUCCESS,1,2023-07-18
4,4,NETBANKING,SUCCESS,1,2024-12-26
5,5,CARD,SUCCESS,1,2023-12-07
6,6,NETBANKING,SUCCESS,1,2023-04-16
7,7,NETBANKING,SUCCESS,1,2022-04-23
8,8,NETBANKING,SUCCESS,1,2024-07-19
9,9,NETBANKING,SUCCESS,1,2024-07-26
10,10,NETBANKING,SUCCESS,1,2024-10-29
11,11,CARD,SUCCESS,1,2024-06-07
12,12,NETBANKING,SUCCESS,1,2024-07-19
13,13,NETBANKING,SUCCESS,1,2024-11-03
14,14,NETBANKING,SUCCESS,1,2024-06-02
15,15,CARD,SUCCESS,1,2024-11-28
16,16,NETBANKING,SUCCESS,1,2023-06-12
17,17,CARD,SUCCESS,1,2024-08-01
18,18,NETBANKING,SUCCESS,1,2024-07-31
19,19,CARD,SUCCESS,1,2024-01-20
20,20,CARD,SUCCESS,1,2023-03-18
21,21,UPI,SUCCESS,1,2023-07-04
22,22,UPI,SUCCESS,1,2024-02-23
23,23,UPI,SUCCESS,1,2024-08-23
24,24,NETBANKING,SUCCESS,1,2024-02-06
25,25,CARD,SUCCESS,1,2022-04-20
26,26,CARD,SUCCESS,1,2023-06-10
27,27,NETBANKING,SUCCESS,1,2023-05-11
28,28,UPI,SUCCESS,1,2024-12-31
29,29,NETBANKING,SUCCESS,1,2023-03-07
30,30,UPI,SUCCESS,1,2023-09-13
31,31,UPI,SUCCESS,1,2024-05-31
32,32,NETBANKING,SUCCESS,1,2024-02-10
33,33,NETBANKING,SUCCESS,1,2023-05-06
34,34,CARD,SUCCESS,1,2022-09-28
35,35,UPI,SUCCESS,1,2024-01-09
36,36,CARD,SUCCESS,1,2024-05-30
37,37,NETBANKING,SUCCESS,1,2024-04-15
38,38,NETBANKING,SUCCESS,1,2021-12-18
39,39,NETBANKING,SUCCESS,1,2024-07-11
40,40,UPI,SUCCESS,1,2021-08-19
41,41,NETBANKING,SUCCESS,1,2023-08-04
42,42,UPI,SUCCESS,1,2023-05-05
43,43,NETBANKING,SUCCESS,1,2024-08-27
44,44,UPI,SUCCESS,1,2024-02-29
45,45,CARD,SUCCESS,1,2024-11-28
46,46,NETBANKING,SUCCESS,1,2024-12-16
47,47,CARD,SUCCESS,1,2024-11-08
48,48,CARD,SUCCESS,1,2024-10-25
49,49,UPI,SUCCESS,1,2023-11-27
50,50,CARD,SUCCESS,1,2024-06-05
51,51,NETBANKING,SUCCESS,1,2022-12-30
52,52,UPI,SUCCESS,1,2024-08-26
53,53,NETBANKING,SUCCESS,1,2024-12-03
54,54,UPI,FAILED,0,2021-08-03
55,55,UPI,SUCCESS,1,2022-07-20
56,56,CARD,SUCCESS,1,2024-02-24
57,57,CARD,SUCCESS,1,2022-12-15
58,58,CARD,SUCCESS,1,2024-08-12
59,59,UPI,SUCCESS,1,2024-10-15
60,60,NETBANKING,SUCCESS,1,2022-12-28
61,61,NETBANKING,SUCCESS,1,2022-08-02
62,62,UPI,SUCCESS,1,2022-08-23
63,63,UPI,SUCCESS,1,2024-10-30
64,64,NETBANKING,SUCCESS,1,2024-12-25
65,65,NETBANKING,SUCCESS,1,2024-09-03
66,66,CARD,FAILED,0,2024-08-02
67,67,CARD,SUCCESS,1,2023-08-05
68,68,NETBANKING,SUCCESS,1,2024-10-25
69,69,CARD,SUCCESS,1,2023-08-12
70,70,NETBANKING,SUCCESS,1,2021-10-26
71,71,CARD,SUCCESS,1,2024-12-12
72,72,UPI,SUCCESS,1,2024-05-13
73,73,NETBANKING,SUCCESS,1,2024-05-16
74,74,CARD,SUCCESS,1,2024-06-27
75,75,CARD,SUCCESS,1,2021-12-02
76,76,NETBANKING,SUCCESS,1,2022-08-15
77,77,NETBANKING,SUCCESS,1,2021-07-14
78,78,UPI,SUCCESS,1,2022-10-20
79,79,UPI,FAILED,0,2021-07-04
80,80,NETBANKING,SUCCESS,1,2024-09-22
81,81,UPI,SUCCESS,1,2024-04-18
82,82,CARD,SUCCESS,1,2024-03-24
83,83,CARD,FAILED,0,2024-12-20
84,84,NETBANKING,SUCCESS,1,2024-05-09
85,85,CARD,SUCCESS,1,2023-07-29
86,86,NETBANKING,SUCCESS,1,2024-02-14
87,87,UPI,SUCCESS,1,2024-04-03
88,88,CARD,SUCCESS,1,2021-12-19
89,89,UPI,SUCCESS,1,2024-10-19
90,90,CARD,SUCCESS,1,2024-04-23
91,91,NETBANKING,SUCCESS,1,2023-03-13
92,92,CARD,SUCCESS,1,2022-03-08
93,93,CARD,SUCCESS,1,2023-03-25
94,94,NETBANKING,SUCCESS,1,2022-05-05
95,95,NETBANKING,SUCCESS,1,2024-08-01
96,96,NETBANKING,FAILED,0,2024-02-20
97,97,NETBANKING,SUCCESS,1,2024-08-11
98,98,UPI,SUCCESS,1,2024-10-31
99,99,CARD,SUCCESS,1,2024-10-29
100,100,CARD,SUCCESS,1,2022-12-21
101,101,NETBANKING,SUCCESS,1,2023-09-07
102,102,UPI,SUCCESS,1,2024-11-26
103,103,UPI,SUCCESS,1,2022-04-23
104,104,UPI,SUCCESS,1,2022-02-24
105,105,CARD,SUCCESS,1,2021-06-16
106,106,NETBANKING,SUCCESS,1,2022-06-23
107,107,CARD,SUCCESS,1,2021-10-08
108,108,UPI,SUCCESS,1,2022-08-16
109,109,UPI,SUCCESS,1,2024-09-16
110,110,CARD,SUCCESS,1,2023-11-15
111,111,UPI,SUCCESS,1,2024-10-07
112,112,UPI,SUCCESS,1,2024-12-16
113,113,NETBANKING,SUCCESS,1,2024-11-09
114,114,UPI,SUCCESS,1,2024-02-19
115,115,CARD,SUCCESS,1,2024-06-03
116,116,UPI,SUCCESS,1,2022-08-13
117,117,NETBANKING,SUCCESS,1,2024-09-03
118,118,NETBANKING,SUCCESS,1,2024-04-16
119,119,NETBANKING,SUCCESS,1,2024-08-15
120,120,NETBANKING,SUCCESS,1,2021-05-05
121,121,UPI,SUCCESS,1,2024-05-08
122,122,UPI,SUCCESS,1,2024-06-25
123,123,CARD,SUCCESS,1,2024-04-06
124,124,NETBANKING,SUCCESS,1,2024-06-16
125,125,UPI,SUCCESS,1,2023-10-24
126,126,NETBANKING,SUCCESS,1,2024-07-27
127,127,NETBANKING,SUCCESS,1,2024-08-25
128,128,CARD,SUCCESS,1,2024-06-17
129,129,CARD,SUCCESS,1,2024-07-13
130,130,NETBANKING,SUCCESS,1,2023-10-05
131,131,CARD,SUCCESS,1,2024-05-07
132,132,NETBANKING,SUCCESS,1,2024-01-31
133,133,NETBANKING,SUCCESS,1,2024-05-24
134,134,NETBANKING,SUCCESS,1,2023-07-20
135,135,NETBANKING,SUCCESS,1,2023-07-13
136,136,UPI,SUCCESS,1,2024-02-08
137,137,UPI,SUCCESS,1,2024-06-24
138,138,UPI,SUCCESS,1,2023-09-22
139,139,UPI,SUCCESS,1,2024-04-15
140,140,NETBANKING,FAILED,0,2022-06-30
141,141,NETBANKING,SUCCESS,1,2024-05-13
142,142,NETBANKING,SUCCESS,1,2024-02-25
143,143,NETBANKING,SUCCESS,1,2022-09-04
144,144,UPI,SUCCESS,1,2022-09-14
145,145,NETBANKING,FAILED,0,2024-04-11
146,146,NETBANKING,SUCCESS,1,2021-04-19
147,147,UPI,SUCCESS,1,2021-07-13
148,148,UPI,SUCCESS,1,2021-02-25
149,149,NETBANKING,SUCCESS,1,2023-12-19
150,150,UPI,SUCCESS,1,2023-05-19
151,151,UPI,FAILED,0,2024-06-13
152,152,UPI,SUCCESS,1,2024-02-23
153,153,UPI,SUCCESS,1,2024-08-16
154,154,NETBANKING,SUCCESS,1,2023-12-21
155,155,UPI,SUCCESS,1,2024-05-14
156,156,UPI,FAILED,0,2024-03-02
157,157,UPI,SUCCESS,1,2024-05-31
158,158,UPI,SUCCESS,1,2023-04-28
159,159,CARD,SUCCESS,1,2024-09-12
160,160,UPI,SUCCESS,1,2024-08-06
161,161,NETBANKING,SUCCESS,1,2024-10-31
162,162,NETBANKING,SUCCESS,1,2024-09-11
163,163,UPI,SUCCESS,1,2024-08-17
164,164,UPI,SUCCESS,1,2022-12-23
165,165,UPI,SUCCESS,1,2024-05-12
166,166,NETBANKING,SUCCESS,1,2023-10-21
167,167,UPI,SUCCESS,1,2023-02-04
168,168,NETBANKING,SUCCESS,1,2024-03-02
169,169,CARD,SUCCESS,1,2024-08-13
170,170,UPI,SUCCESS,1,2021-08-12
171,171,UPI,SUCCESS,1,2022-04-29
172,172,UPI,SUCCESS,1,2023-04-18
173,173,CARD,SUCCESS,1,2024-12-07
174,174,UPI,SUCCESS,1,2024-10-19
175,175,CARD,SUCCESS,1,2024-12-04
176,176,CARD,SUCCESS,1,2024-10-22
177,177,CARD,SUCCESS,1,2024-12-12
178,178,NETBANKING,SUCCESS,1,2024-11-19
179,179,UPI,SUCCESS,1,2024-11-22
180,180,NETBANKING,SUCCESS,1,2024-11-24
181,181,UPI,SUCCESS,1,2024-10-25
182,182,CARD,SUCCESS,1,2024-12-23
183,183,NETBANKING,SUCCESS,1,2024-12-11
184,184,CARD,SUCCESS,1,2021-09-19
185,185,CARD,SUCCESS,1,2023-09-28
186,186,NETBANKING,SUCCESS,1,2022-10-18
187,187,UPI,SUCCESS,1,2024-08-27
188,188,UPI,SUCCESS,1,2024-09-02
189,189,CARD,SUCCESS,1,2024-08-02
190,190,UPI,SUCCESS,1,2024-01-23
191,191,UPI,SUCCESS,1,2023-07-11
192,192,CARD,SUCCESS,1,2024-10-10
193,193,NETBANKING,FAILED,0,2024-08-15
194,194,UPI,SUCCESS,1,2024-03-16
195,195,UPI,SUCCESS,1,2024-12-11
196,196,CARD,SUCCESS,1,2024-08-14
197,197,CARD,SUCCESS,1,2024-09-20
198,198,NETBANKING,SUCCESS,1,2024-10-15
199,199,CARD,SUCCESS,1,2024-09-21
200,200,NETBANKING,SUCCESS,1,2024-08-15
201,201,CARD,SUCCESS,1,2023-09-15
202,202,NETBANKING,SUCCESS,1,2021-07-16
203,203,CARD,SUCCESS,1,2022-09-18
204,204,NETBANKING,SUCCESS,1,2024-12-01
205,205,NETBANKING,SUCCESS,1,2024-02-20
206,206,CARD,SUCCESS,1,2024-09-27
207,207,UPI,SUCCESS,1,2024-11-25
208,208,CARD,SUCCESS,1,2023-02-05
209,209,NETBANKING,SUCCESS,1,2024-07-07
210,210,CARD,SUCCESS,1,2024-09-01
211,211,CARD,SUCCESS,1,2024-08-20
212,212,UPI,SUCCESS,1,2024-07-16
213,213,UPI,SUCCESS,1,2024-04-03
214,214,NETBANKING,SUCCESS,1,2024-05-25
215,215,UPI,SUCCESS,1,2024-11-07
216,216,NETBANKING,SUCCESS,1,2023-02-24
217,217,UPI,SUCCESS,1,2024-09-09
218,218,CARD,SUCCESS,1,2024-10-16
219,219,CARD,SUCCESS,1,2024-06-07
220,220,NETBANKING,SUCCESS,1,2024-06-28
221,221,UPI,SUCCESS,1,2024-11-21
222,222,NETBANKING,SUCCESS,1,2024-08-02
223,223,CARD,SUCCESS,1,2024-06-15
224,224,CARD,SUCCESS,1,2024-11-10
225,225,CARD,SUCCESS,1,2024-01-24
226,226,NETBANKING,SUCCESS,1,2024-12-03
227,227,UPI,SUCCESS,1,2023-05-03
228,228,CARD,SUCCESS,1,2024-12-13
229,229,NETBANKING,SUCCESS,1,2023-02-09
230,230,CARD,SUCCESS,1,2023-10-03
231,231,UPI,SUCCESS,1,2024-12-18
232,232,CARD,SUCCESS,1,2024-11-19
233,233,UPI,SUCCESS,1,2021-09-26
234,234,CARD,SUCCESS,1,2024-01-14
235,235,CARD,SUCCESS,1,2024-04-14
236,236,UPI,SUCCESS,1,2024-12-28
237,237,NETBANKING,SUCCESS,1,2023-06-12
238,238,UPI,SUCCESS,1,2021-08-27
239,239,NETBANKING,SUCCESS,1,2024-07-17
240,240,CARD,SUCCESS,1,2024-05-28
241,241,CARD,SUCCESS,1,2024-11-04
242,242,NETBANKING,SUCCESS,1,2024-12-22
243,243,NETBANKING,SUCCESS,1,2024-11-13
244,244,UPI,SUCCESS,1,2024-11-27
245,245,CARD,SUCCESS,1,2024-12-04
246,246,CARD,SUCCESS,1,2024-07-03
247,247,UPI,SUCCESS,1,2024-07-31
248,248,UPI,SUCCESS,1,2024-09-09
249,249,NETBANKING,SUCCESS,1,2024-08-06
250,250,NETBANKING,SUCCESS,1,2024-08-01
251,251,NETBANKING,SUCCESS,1,2024-05-28
252,252,UPI,SUCCESS,1,2023-06-08
253,253,NETBANKING,SUCCESS,1,2022-06-13
254,254,UPI,SUCCESS,1,2023-07-09
255,255,CARD,SUCCESS,1,2023-11-17
256,256,UPI,SUCCESS,1,2023-09-10
257,257,NETBANKING,SUCCESS,1,2022-07-04
258,258,CARD,SUCCESS,1,2022-02-02
259,259,UPI,SUCCESS,1,2021-10-23
260,260,NETBANKING,SUCCESS,1,2023-01-15
261,261,UPI,SUCCESS,1,2024-08-21
262,262,UPI,SUCCESS,1,2024-09-24
263,263,CARD,SUCCESS,1,2023-08-05
264,264,UPI,SUCCESS,1,2023-11-08
265,265,UPI,SUCCESS,1,2023-01-19
266,266,UPI,FAILED,0,2024-02-20
267,267,NETBANKING,SUCCESS,1,2023-02-21
268,268,NETBANKING,SUCCESS,1,2022-04-19
269,269,NETBANKING,SUCCESS,1,2024-02-09
270,270,NETBANKING,SUCCESS,1,2023-06-06
271,271,NETBANKING,SUCCESS,1,2023-11-12
272,272,NETBANKING,SUCCESS,1,2023-04-23
273,273,UPI,SUCCESS,1,2024-11-07
274,274,UPI,SUCCESS,1,2024-11-03
275,275,CARD,SUCCESS,1,2024-11-12
276,276,NETBANKING,SUCCESS,1,2025-01-01
277,277,NETBANKING,SUCCESS,1,2024-09-06
278,278,CARD,SUCCESS,1,2024-12-03
279,279,UPI,SUCCESS,1,2024-11-02
280,280,UPI,SUCCESS,1,2024-10-31
281,281,NETBANKING,SUCCESS,1,2024-10-07
282,282,UPI,SUCCESS,1,2024-05-16
283,283,NETBANKING,SUCCESS,1,2023-05-13
284,284,UPI,SUCCESS,1,2023-06-27
285,285,UPI,SUCCESS,1,2022-06-24
286,286,CARD,SUCCESS,1,2022-02-27
287,287,NETBANKING,SUCCESS,1,2024-06-03
288,288,NETBANKING,SUCCESS,1,2024-04-06
289,289,UPI,SUCCESS,1,2024-11-19
290,290,CARD,SUCCESS,1,2024-11-24
291,291,CARD,SUCCESS,1,2024-12-09
292,292,CARD,FAILED,0,2021-09-01
293,293,NETBANKING,SUCCESS,1,2023-01-26
294,294,CARD,SUCCESS,1,2022-11-07
295,295,UPI,SUCCESS,1,2023-04-01
296,296,NETBANKING,SUCCESS,1,2022-11-05
297,297,NETBANKING,SUCCESS,1,2023-10-27
298,298,CARD,SUCCESS,1,2023-12-15
299,299,CARD,SUCCESS,1,2024-11-06
300,300,UPI,SUCCESS,1,2024-10-31
301,301,UPI,SUCCESS,1,2023-12-28
302,302,UPI,SUCCESS,1,2023-07-22
303,303,UPI,SUCCESS,1,2024-08-02
304,304,NETBANKING,FAILED,0,2023-07-30
305,305,NETBANKING,SUCCESS,1,2023-09-07
306,306,NETBANKING,SUCCESS,1,2023-08-19
307,307,NETBANKING,SUCCESS,1,2023-04-29
308,308,CARD,SUCCESS,1,2023-06-19
309,309,NETBANKING,SUCCESS,1,2024-12-26
310,310,UPI,SUCCESS,1,2023-12-25
311,311,NETBANKING,SUCCESS,1,2022-09-16
312,312,CARD,SUCCESS,1,2023-10-31
313,313,NETBANKING,SUCCESS,1,2024-12-01
314,314,UPI,SUCCESS,1,2024-10-24
315,315,NETBANKING,SUCCESS,1,2024-10-09
316,316,NETBANKING,SUCCESS,1,2023-09-18
317,317,CARD,SUCCESS,1,2024-06-21
318,318,CARD,SUCCESS,1,2024-06-23
319,319,CARD,SUCCESS,1,2024-01-07
320,320,CARD,SUCCESS,1,2021-11-23
321,321,UPI,SUCCESS,1,2021-08-06
322,322,UPI,SUCCESS,1,2021-11-02
323,323,NETBANKING,SUCCESS,1,2022-08-01
324,324,CARD,SUCCESS,1,2023-12-18
325,325,NETBANKING,SUCCESS,1,2024-08-21
326,326,UPI,SUCCESS,1,2024-08-12
327,327,CARD,SUCCESS,1,2024-11-08
328,328,NETBANKING,SUCCESS,1,2024-09-10
329,329,UPI,SUCCESS,1,2023-12-23
330,330,UPI,SUCCESS,1,2022-10-20
331,331,UPI,SUCCESS,1,2022-06-29
332,332,NETBANKING,SUCCESS,1,2023-12-30
333,333,CARD,SUCCESS,1,2021-09-10
334,334,UPI,SUCCESS,1,2022-05-09
335,335,NETBANKING,SUCCESS,1,2024-08-17
336,336,UPI,SUCCESS,1,2023-11-03
337,337,CARD,SUCCESS,1,2024-10-12
338,338,CARD,SUCCESS,1,2024-08-19
339,339,NETBANKING,SUCCESS,1,2023-04-29
340,340,CARD,SUCCESS,1,2024-12-03
341,341,UPI,SUCCESS,1,2024-12-22
342,342,CARD,SUCCESS,1,2024-12-06
343,343,CARD,SUCCESS,1,2024-11-20
344,344,UPI,SUCCESS,1,2024-12-01
345,345,CARD,SUCCESS,1,2024-11-22
346,346,CARD,SUCCESS,1,2024-11-20
347,347,CARD,SUCCESS,1,2024-11-26
348,348,CARD,SUCCESS,1,2024-11-26
349,349,UPI,SUCCESS,1,2024-12-07
350,350,CARD,SUCCESS,1,2023-10-20
351,351,UPI,SUCCESS,1,2023-06-25
352,352,NETBANKING,SUCCESS,1,2024-12-11
353,353,UPI,SUCCESS,1,2024-12-14
354,354,UPI,SUCCESS,1,2024-12-27
355,355,NETBANKING,SUCCESS,1,2024-09-13
356,356,NETBANKING,SUCCESS,1,2024-11-23
357,357,NETBANKING,SUCCESS,1,2024-10-18
358,358,NETBANKING,SUCCESS,1,2022-02-02
359,359,NETBANKING,SUCCESS,1,2024-02-06
360,360,NETBANKING,SUCCESS,1,2024-05-15
361,361,NETBANKING,SUCCESS,1,2024-07-07
362,362,CARD,SUCCESS,1,2023-11-13
363,363,NETBANKING,SUCCESS,1,2024-08-29
364,364,NETBANKING,FAILED,0,2024-05-09
365,365,NETBANKING,SUCCESS,1,2024-12-22
366,366,UPI,SUCCESS,1,2024-11-25
367,367,UPI,FAILED,0,2024-10-12
368,368,UPI,SUCCESS,1,2023-11-11
369,369,CARD,SUCCESS,1,2023-02-01
370,370,NETBANKING,SUCCESS,1,2024-02-26
371,371,UPI,SUCCESS,1,2024-09-07
372,372,NETBANKING,SUCCESS,1,2023-12-13
373,373,CARD,FAILED,0,2024-06-16
374,374,CARD,SUCCESS,1,2024-12-03
375,375,UPI,SUCCESS,1,2024-06-04
376,376,UPI,SUCCESS,1,2024-10-23
377,377,UPI,SUCCESS,1,2024-01-19
378,378,UPI,SUCCESS,1,2024-03-03
379,379,NETBANKING,SUCCESS,1,2024-02-11
380,380,NETBANKING,SUCCESS,1,2024-09-25
381,381,NETBANKING,SUCCESS,1,2024-01-02
382,382,CARD,SUCCESS,1,2023-12-11
383,383,CARD,SUCCESS,1,2022-11-12
384,384,CARD,SUCCESS,1,2022-05-11
385,385,CARD,SUCCESS,1,2024-04-24
386,386,UPI,SUCCESS,1,2024-09-04
387,387,UPI,SUCCESS,1,2024-08-24
388,388,UPI,SUCCESS,1,2023-12-19
389,389,CARD,SUCCESS,1,2023-06-08
390,390,NETBANKING,SUCCESS,1,2024-02-20
391,391,NETBANKING,SUCCESS,1,2023-07-07
392,392,NETBANKING,SUCCESS,1,2024-09-03
393,393,NETBANKING,SUCCESS,1,2024-10-02
394,394,UPI,SUCCESS,1,2024-08-19
395,395,NETBANKING,SUCCESS,1,2024-12-02
396,396,UPI,SUCCESS,1,2023-11-14
397,397,CARD,SUCCESS,1,2022-06-20
398,398,CARD,SUCCESS,1,2024-11-11
399,399,NETBANKING,SUCCESS,1,2022-06-28
400,400,UPI,SUCCESS,1,2023-04-26
401,401,CARD,SUCCESS,1,2024-12-13
402,402,CARD,SUCCESS,1,2024-06-27
403,403,NETBANKING,SUCCESS,1,2024-10-16
404,404,UPI,SUCCESS,1,2024-12-23
405,405,CARD,SUCCESS,1,2023-09-30
406,406,UPI,SUCCESS,1,2024-03-15
407,407,NETBANKING,SUCCESS,1,2024-09-04
408,408,NETBANKING,SUCCESS,1,2024-02-14
409,409,CARD,SUCCESS,1,2023-04-27
410,410,UPI,SUCCESS,1,2023-11-10
411,411,CARD,SUCCESS,1,2022-06-08
412,412,UPI,SUCCESS,1,2024-08-15
413,413,UPI,SUCCESS,1,2024-11-16
414,414,UPI,FAILED,0,2024-02-17
415,415,NETBANKING,SUCCESS,1,2022-01-05
416,416,NETBANKING,SUCCESS,1,2023-10-30
417,417,UPI,SUCCESS,1,2024-12-14
418,418,NETBANKING,SUCCESS,1,2024-12-14
419,419,CARD,SUCCESS,1,2024-10-21
420,420,CARD,SUCCESS,1,2024-12-14
421,421,CARD,SUCCESS,1,2024-10-27
422,422,CARD,SUCCESS,1,2024-10-12
423,423,UPI,SUCCESS,1,2024-06-13
424,424,NETBANKING,SUCCESS,1,2024-09-06
425,425,CARD,SUCCESS,1,2023-05-04
426,426,NETBANKING,SUCCESS,1,2022-08-04
427,427,UPI,SUCCESS,1,2024-12-01
428,428,UPI,SUCCESS,1,2024-04-13
429,429,NETBANKING,SUCCESS,1,2022-08-14
430,430,NETBANKING,SUCCESS,1,2024-07-22
431,431,NETBANKING,SUCCESS,1,2023-05-06
432,432,NETBANKING,SUCCESS,1,2022-11-27
433,433,CARD,SUCCESS,1,2021-05-05
434,434,NETBANKING,SUCCESS,1,2024-11-22
435,435,CARD,SUCCESS,1,2024-12-19
436,436,CARD,SUCCESS,1,2024-08-19
437,437,UPI,SUCCESS,1,2024-11-11
438,438,CARD,SUCCESS,1,2023-12-03
439,439,CARD,SUCCESS,1,2023-10-18
440,440,CARD,SUCCESS,1,2023-10-08
441,441,UPI,SUCCESS,1,2022-11-08
442,442,NETBANKING,SUCCESS,1,2024-05-18
443,443,UPI,SUCCESS,1,2024-02-07
444,444,CARD,SUCCESS,1,2024-01-19
445,445,UPI,SUCCESS,1,2023-11-10
446,446,CARD,FAILED,0,2023-11-04
447,447,NETBANKING,SUCCESS,1,2023-10-03
448,448,NETBANKING,SUCCESS,1,2024-12-01
449,449,CARD,SUCCESS,1,2024-06-19
450,450,NETBANKING,SUCCESS,1,2023-08-25
451,451,CARD,SUCCESS,1,2024-06-28
452,452,CARD,SUCCESS,1,2024-07-21
453,453,CARD,SUCCESS,1,2023-09-23
454,454,NETBANKING,SUCCESS,1,2024-05-21
455,455,CARD,SUCCESS,1,2023-08-28
456,456,UPI,SUCCESS,1,2023-04-18
457,457,CARD,SUCCESS,1,2023-10-18
458,458,CARD,SUCCESS,1,2023-07-27
459,459,NETBANKING,SUCCESS,1,2024-05-08
460,460,NETBANKING,SUCCESS,1,2024-12-01
461,461,NETBANKING,FAILED,0,2024-06-28
462,462,UPI,SUCCESS,1,2024-12-11
463,463,NETBANKING,SUCCESS,1,2023-09-17
464,464,UPI,SUCCESS,1,2023-04-24
465,465,UPI,SUCCESS,1,2024-10-21
466,466,NETBANKING,SUCCESS,1,2024-05-25
467,467,UPI,SUCCESS,1,2024-10-07
468,468,CARD,SUCCESS,1,2024-09-16
469,469,UPI,SUCCESS,1,2024-10-09
470,470,UPI,SUCCESS,1,2023-07-20
471,471,CARD,SUCCESS,1,2023-04-29
472,472,NETBANKING,SUCCESS,1,2024-12-06
473,473,UPI,SUCCESS,1,2024-08-19
474,474,CARD,SUCCESS,1,2024-12-29
475,475,CARD,SUCCESS,1,2023-03-21
476,476,UPI,SUCCESS,1,2024-02-17
477,477,UPI,SUCCESS,1,2024-12-23
478,478,UPI,SUCCESS,1,2024-07-07
479,479,NETBANKING,SUCCESS,1,2024-04-13
480,480,UPI,SUCCESS,1,2024-05-08
481,481,UPI,SUCCESS,1,2024-02-02
482,482,UPI,SUCCESS,1,2024-08-22
483,483,NETBANKING,SUCCESS,1,2023-08-21
484,484,UPI,SUCCESS,1,2024-01-21
485,485,CARD,SUCCESS,1,2023-12-25
486,486,UPI,SUCCESS,1,2023-03-09
487,487,UPI,SUCCESS,1,2024-11-16
488,488,NETBANKING,SUCCESS,1,2024-07-24
489,489,CARD,SUCCESS,1,2024-01-04
490,490,UPI,SUCCESS,1,2022-11-28
491,491,UPI,SUCCESS,1,2024-12-24
492,492,CARD,SUCCESS,1,2024-07-04
493,493,UPI,SUCCESS,1,2024-02-02
494,494,NETBANKING,SUCCESS,1,2024-08-21
495,495,CARD,SUCCESS,1,2022-11-17
496,496,CARD,SUCCESS,1,2023-12-12
497,497,NETBANKING,SUCCESS,1,2022-07-11
498,498,CARD,SUCCESS,1,2023-05-05
499,499,UPI,SUCCESS,1,2024-06-24
500,500,UPI,SUCCESS,1,2023-02-05
501,501,UPI,SUCCESS,1,2022-08-25
502,502,UPI,SUCCESS,1,2022-03-16
503,503,CARD,SUCCESS,1,2023-08-04
504,504,CARD,SUCCESS,1,2023-07-29
505,505,CARD,SUCCESS,1,2021-02-18
506,506,CARD,SUCCESS,1,2024-01-21
507,507,NETBANKING,SUCCESS,1,2023-12-24
508,508,NETBANKING,SUCCESS,1,2022-09-09
509,509,NETBANKING,SUCCESS,1,2021-09-01
510,510,CARD,SUCCESS,1,2023-04-03
511,511,UPI,SUCCESS,1,2022-10-21
512,512,UPI,SUCCESS,1,2021-12-21
513,513,CARD,SUCCESS,1,2021-05-16
514,514,NETBANKING,SUCCESS,1,2024-04-20
515,515,NETBANKING,SUCCESS,1,2024-10-10
516,516,UPI,SUCCESS,1,2024-04-17
517,517,CARD,SUCCESS,1,2024-03-10
518,518,CARD,SUCCESS,1,2022-10-08
519,519,CARD,SUCCESS,1,2023-10-19
520,520,CARD,SUCCESS,1,2024-09-18
521,521,UPI,SUCCESS,1,2024-09-24
522,522,UPI,SUCCESS,1,2024-09-17
523,523,NETBANKING,SUCCESS,1,2024-11-06
524,524,UPI,SUCCESS,1,2024-07-30
525,525,UPI,SUCCESS,1,2023-10-23
526,526,CARD,SUCCESS,1,2024-12-21
527,527,UPI,SUCCESS,1,2024-11-19
528,528,CARD,SUCCESS,1,2022-10-27
529,529,NETBANKING,SUCCESS,1,2022-06-21
530,530,CARD,SUCCESS,1,2024-02-02
531,531,CARD,SUCCESS,1,2021-12-20
532,532,UPI,SUCCESS,1,2021-09-29
533,533,NETBANKING,SUCCESS,1,2023-11-02
534,534,CARD,SUCCESS,1,2022-04-19
535,535,CARD,SUCCESS,1,2023-03-29
536,536,UPI,SUCCESS,1,2023-05-05
537,537,UPI,SUCCESS,1,2022-06-19
538,538,UPI,SUCCESS,1,2022-04-17
539,539,NETBANKING,SUCCESS,1,2023-10-18
540,540,CARD,SUCCESS,1,2022-10-31
541,541,NETBANKING,SUCCESS,1,2024-12-06
542,542,CARD,SUCCESS,1,2024-11-22
543,543,UPI,SUCCESS,1,2021-08-08
544,544,UPI,SUCCESS,1,2024-04-01
545,545,NETBANKING,SUCCESS,1,2022-11-06
546,546,NETBANKING,FAILED,0,2024-11-29
547,547,CARD,SUCCESS,1,2024-12-16
548,548,CARD,SUCCESS,1,2024-12-17
549,549,NETBANKING,SUCCESS,1,2024-12-08
550,550,CARD,SUCCESS,1,2024-12-23
551,551,UPI,SUCCESS,1,2024-11-09
552,552,UPI,SUCCESS,1,2024-12-05
553,553,CARD,SUCCESS,1,2024-12-19
554,554,UPI,FAILED,0,2024-11-18
555,555,UPI,SUCCESS,1,2024-12-16
556,556,CARD,SUCCESS,1,2024-10-23
557,557,NETBANKING,SUCCESS,1,2022-07-11
558,558,NETBANKING,SUCCESS,1,2022-02-19
559,559,UPI,SUCCESS,1,2022-05-28
560,560,CARD,SUCCESS,1,2023-09-11
561,561,UPI,SUCCESS,1,2022-12-27
562,562,CARD,SUCCESS,1,2022-11-26
563,563,UPI,SUCCESS,1,2024-02-04
564,564,CARD,SUCCESS,1,2024-09-04
565,565,NETBANKING,SUCCESS,1,2024-12-23
566,566,NETBANKING,SUCCESS,1,2023-06-13
567,567,UPI,SUCCESS,1,2024-09-24
568,568,CARD,SUCCESS,1,2024-03-14
569,569,UPI,SUCCESS,1,2023-02-13
570,570,UPI,SUCCESS,1,2023-06-23
571,571,NETBANKING,SUCCESS,1,2022-01-19
572,572,UPI,SUCCESS,1,2021-05-24
573,573,UPI,SUCCESS,1,2023-06-06
574,574,CARD,SUCCESS,1,2024-09-16
575,575,CARD,SUCCESS,1,2024-10-08
576,576,CARD,SUCCESS,1,2023-12-22
577,577,NETBANKING,SUCCESS,1,2023-06-11
578,578,CARD,SUCCESS,1,2024-04-20
579,579,NETBANKING,SUCCESS,1,2021-08-10
580,580,UPI,SUCCESS,1,2024-07-04
581,581,CARD,SUCCESS,1,2024-09-29
582,582,CARD,SUCCESS,1,2024-10-25
583,583,NETBANKING,SUCCESS,1,2024-11-23
584,584,UPI,SUCCESS,1,2024-02-10
585,585,NETBANKING,SUCCESS,1,2023-10-28
586,586,NETBANKING,SUCCESS,1,2022-11-20
587,587,UPI,SUCCESS,1,2023-05-24
588,588,UPI,SUCCESS,1,2024-02-15
589,589,CARD,SUCCESS,1,2024-12-08
590,590,UPI,SUCCESS,1,2024-06-14
591,591,CARD,SUCCESS,1,2022-07-06
592,592,NETBANKING,SUCCESS,1,2024-06-16
593,593,UPI,SUCCESS,1,2021-12-08
594,594,NETBANKING,SUCCESS,1,2023-01-07
595,595,NETBANKING,SUCCESS,1,2023-07-09
596,596,NETBANKING,SUCCESS,1,2024-05-17
597,597,CARD,FAILED,0,2025-01-01
598,598,UPI,SUCCESS,1,2024-12-17
599,599,UPI,SUCCESS,1,2024-08-06
600,600,UPI,SUCCESS,1,2024-12-09
601,601,CARD,SUCCESS,1,2024-08-22
602,602,CARD,SUCCESS,1,2024-05-10
603,603,CARD,SUCCESS,1,2024-08-13
604,604,UPI,SUCCESS,1,2023-10-11
605,605,NETBANKING,SUCCESS,1,2023-12-08
606,606,CARD,SUCCESS,1,2022-11-29
607,607,CARD,SUCCESS,1,2024-12-29
608,608,CARD,SUCCESS,1,2024-12-16
609,609,CARD,SUCCESS,1,2024-12-23
610,610,UPI,SUCCESS,1,2024-04-28
611,611,NETBANKING,SUCCESS,1,2024-05-11
612,612,CARD,SUCCESS,1,2024-06-16
613,613,CARD,SUCCESS,1,2024-07-08
614,614,CARD,SUCCESS,1,2022-11-24
615,615,CARD,SUCCESS,1,2024-07-21
616,616,UPI,SUCCESS,1,2021-09-26
617,617,UPI,SUCCESS,1,2022-03-28
618,618,NETBANKING,SUCCESS,1,2021-12-07
619,619,NETBANKING,SUCCESS,1,2023-12-19
620,620,UPI,SUCCESS,1,2024-10-13
621,621,CARD,SUCCESS,1,2024-04-30
622,622,NETBANKING,SUCCESS,1,2024-12-09
623,623,NETBANKING,SUCCESS,1,2024-11-21
624,624,UPI,SUCCESS,1,2024-08-07
625,625,NETBANKING,SUCCESS,1,2024-11-05
626,626,UPI,SUCCESS,1,2024-05-04
627,627,CARD,SUCCESS,1,2024-11-14
628,628,UPI,SUCCESS,1,2023-09-22
629,629,CARD,SUCCESS,1,2024-08-21
630,630,NETBANKING,SUCCESS,1,2024-09-22
631,631,NETBANKING,SUCCESS,1,2024-11-19
632,632,NETBANKING,SUCCESS,1,2024-03-19
633,633,NETBANKING,SUCCESS,1,2024-09-23
634,634,NETBANKING,FAILED,0,2023-09-26
635,635,UPI,SUCCESS,1,2022-07-02
636,636,UPI,SUCCESS,1,2024-04-03
637,637,CARD,SUCCESS,1,2023-03-31
638,638,CARD,SUCCESS,1,2024-07-22
639,639,CARD,SUCCESS,1,2024-09-30
640,640,NETBANKING,SUCCESS,1,2024-08-06
641,641,NETBANKING,SUCCESS,1,2024-05-21
642,642,UPI,SUCCESS,1,2024-09-06
643,643,UPI,SUCCESS,1,2024-07-10
644,644,UPI,SUCCESS,1,2023-03-13
645,645,UPI,SUCCESS,1,2023-02-14
646,646,NETBANKING,SUCCESS,1,2024-05-24
647,647,UPI,SUCCESS,1,2023-08-16
648,648,UPI,SUCCESS,1,2022-02-22
649,649,CARD,SUCCESS,1,2023-06-15
650,650,CARD,SUCCESS,1,2024-01-04
651,651,NETBANKING,SUCCESS,1,2023-10-28
652,652,CARD,FAILED,0,2021-04-29
653,653,NETBANKING,SUCCESS,1,2024-10-26
654,654,UPI,SUCCESS,1,2024-09-12
655,655,UPI,SUCCESS,1,2024-11-28
656,656,UPI,SUCCESS,1,2024-10-27
657,657,NETBANKING,SUCCESS,1,2024-09-27
658,658,UPI,SUCCESS,1,2024-10-16
659,659,UPI,SUCCESS,1,2024-12-27
660,660,UPI,SUCCESS,1,2023-08-24
661,661,NETBANKING,SUCCESS,1,2024-07-05
662,662,CARD,SUCCESS,1,2023-07-02
663,663,NETBANKING,SUCCESS,1,2023-09-03
664,664,CARD,SUCCESS,1,2024-02-17
665,665,NETBANKING,SUCCESS,1,2022-07-24
666,666,CARD,SUCCESS,1,2023-05-28
667,667,NETBANKING,SUCCESS,1,2023-11-16
668,668,CARD,SUCCESS,1,2023-09-26
669,669,UPI,SUCCESS,1,2024-08-08
670,670,CARD,SUCCESS,1,2024-10-12
671,671,UPI,SUCCESS,1,2024-09-29
672,672,NETBANKING,SUCCESS,1,2024-12-01
673,673,CARD,FAILED,0,2024-11-15
674,674,CARD,SUCCESS,1,2024-07-24
675,675,UPI,SUCCESS,1,2024-11-11
676,676,UPI,SUCCESS,1,2024-04-14
677,677,NETBANKING,SUCCESS,1,2022-07-25
678,678,CARD,SUCCESS,1,2023-08-01
679,679,UPI,SUCCESS,1,2022-02-05
680,680,UPI,SUCCESS,1,2023-06-05
681,681,CARD,SUCCESS,1,2023-12-17
682,682,NETBANKING,SUCCESS,1,2024-01-08
683,683,UPI,SUCCESS,1,2024-01-02
684,684,UPI,SUCCESS,1,2024-06-30
685,685,NETBANKING,SUCCESS,1,2022-08-26
686,686,NETBANKING,SUCCESS,1,2024-12-18
687,687,CARD,SUCCESS,1,2022-09-01
688,688,CARD,SUCCESS,1,2023-12-13
689,689,CARD,SUCCESS,1,2024-07-22
690,690,CARD,SUCCESS,1,2022-08-27
691,691,NETBANKING,SUCCESS,1,2024-12-03
692,692,NETBANKING,SUCCESS,1,2024-12-11
693,693,NETBANKING,SUCCESS,1,2024-12-19
694,694,CARD,SUCCESS,1,2024-11-30
695,695,NETBANKING,SUCCESS,1,2024-12-16
696,696,NETBANKING,SUCCESS,1,2024-09-14
697,697,UPI,SUCCESS,1,2024-09-30
698,698,UPI,SUCCESS,1,2024-12-07
699,699,UPI,SUCCESS,1,2024-08-08
700,700,UPI,SUCCESS,1,2024-10-19
701,701,NETBANKING,SUCCESS,1,2024-11-23
702,702,NETBANKING,SUCCESS,1,2024-08-09
703,703,CARD,SUCCESS,1,2024-09-06
704,704,UPI,SUCCESS,1,2024-06-05
705,705,CARD,SUCCESS,1,2024-05-26
706,706,UPI,SUCCESS,1,2024-08-08
707,707,NETBANKING,SUCCESS,1,2024-09-06
708,708,CARD,SUCCESS,1,2024-04-09
709,709,NETBANKING,SUCCESS,1,2023-10-06
710,710,CARD,SUCCESS,1,2024-10-05
711,711,CARD,SUCCESS,1,2024-09-02
712,712,CARD,SUCCESS,1,2024-07-16
713,713,CARD,SUCCESS,1,2024-04-11
714,714,UPI,SUCCESS,1,2024-11-15
715,715,CARD,SUCCESS,1,2025-01-01
716,716,UPI,SUCCESS,1,2024-10-14
717,717,NETBANKING,SUCCESS,1,2024-10-27
718,718,NETBANKING,SUCCESS,1,2024-09-12
719,719,NETBANKING,SUCCESS,1,2024-08-24
720,720,CARD,SUCCESS,1,2024-12-06
721,721,NETBANKING,SUCCESS,1,2024-07-07
722,722,NETBANKING,SUCCESS,1,2024-10-12
723,723,UPI,SUCCESS,1,2024-11-28
724,724,NETBANKING,SUCCESS,1,2023-02-12
725,725,NETBANKING,SUCCESS,1,2024-04-19
726,726,CARD,SUCCESS,1,2022-02-04
727,727,NETBANKING,SUCCESS,1,2022-10-27
728,728,NETBANKING,SUCCESS,1,2022-04-19
729,729,CARD,SUCCESS,1,2023-03-25
730,730,NETBANKING,SUCCESS,1,2024-01-11
731,731,CARD,SUCCESS,1,2023-05-06
732,732,CARD,SUCCESS,1,2023-01-20
733,733,NETBANKING,SUCCESS,1,2023-11-18
734,734,UPI,SUCCESS,1,2023-09-21
735,735,CARD,SUCCESS,1,2022-10-16
736,736,UPI,SUCCESS,1,2024-07-26
737,737,NETBANKING,SUCCESS,1,2024-04-27
738,738,NETBANKING,SUCCESS,1,2024-08-05
739,739,CARD,SUCCESS,1,2024-11-07
740,740,NETBANKING,SUCCESS,1,2024-08-21
741,741,CARD,SUCCESS,1,2024-10-13
742,742,NETBANKING,SUCCESS,1,2024-02-07
743,743,UPI,SUCCESS,1,2023-09-14
744,744,CARD,SUCCESS,1,2021-12-17
745,745,UPI,SUCCESS,1,2024-07-14
746,746,CARD,SUCCESS,1,2022-07-15
747,747,CARD,SUCCESS,1,2022-06-14
748,748,UPI,SUCCESS,1,2024-07-24
749,749,UPI,SUCCESS,1,2024-11-01
750,750,CARD,SUCCESS,1,2024-05-06
751,751,CARD,SUCCESS,1,2022-06-15
752,752,UPI,SUCCESS,1,2024-12-14
753,753,CARD,SUCCESS,1,2024-12-19
754,754,CARD,SUCCESS,1,2024-08-07
755,755,UPI,SUCCESS,1,2022-10-18
756,756,UPI,SUCCESS,1,2022-11-07
757,757,UPI,SUCCESS,1,2024-10-06
758,758,CARD,SUCCESS,1,2024-06-05
759,759,NETBANKING,SUCCESS,1,2024-03-24
760,760,UPI,SUCCESS,1,2024-10-21
761,761,CARD,SUCCESS,1,2022-10-14
762,762,NETBANKING,SUCCESS,1,2024-05-05
763,763,UPI,SUCCESS,1,2023-10-31
764,764,CARD,SUCCESS,1,2024-07-08
765,765,NETBANKING,SUCCESS,1,2023-08-21
766,766,NETBANKING,SUCCESS,1,2024-09-04
767,767,NETBANKING,SUCCESS,1,2024-10-22
768,768,UPI,SUCCESS,1,2024-12-17
769,769,NETBANKING,SUCCESS,1,2024-11-01
770,770,NETBANKING,SUCCESS,1,2024-09-14
771,771,NETBANKING,SUCCESS,1,2024-05-26
772,772,CARD,SUCCESS,1,2023-08-20
773,773,NETBANKING,SUCCESS,1,2024-12-26
774,774,UPI,SUCCESS,1,2023-03-01
775,775,NETBANKING,SUCCESS,1,2023-10-03
776,776,NETBANKING,FAILED,0,2023-05-15
777,777,CARD,SUCCESS,1,2023-09-11
778,778,NETBANKING,SUCCESS,1,2024-12-13
779,779,UPI,SUCCESS,1,2024-04-05
780,780,NETBANKING,SUCCESS,1,2023-07-05
781,781,CARD,SUCCESS,1,2024-05-04
782,782,UPI,SUCCESS,1,2024-01-10
783,783,UPI,SUCCESS,1,2024-11-02
784,784,CARD,SUCCESS,1,2022-03-14
785,785,UPI,SUCCESS,1,2022-09-25
786,786,NETBANKING,SUCCESS,1,2021-10-16
787,787,NETBANKING,SUCCESS,1,2023-04-21
788,788,NETBANKING,SUCCESS,1,2021-11-10
789,789,UPI,SUCCESS,1,2023-07-21
790,790,CARD,SUCCESS,1,2024-05-10
791,791,UPI,SUCCESS,1,2022-09-28
792,792,NETBANKING,SUCCESS,1,2024-12-12
793,793,NETBANKING,SUCCESS,1,2024-10-30
794,794,UPI,SUCCESS,1,2024-12-23
795,795,NETBANKING,SUCCESS,1,2024-10-12
796,796,NETBANKING,SUCCESS,1,2024-10-13
797,797,CARD,SUCCESS,1,2024-12-06
798,798,CARD,SUCCESS,1,2024-10-13
799,799,CARD,FAILED,0,2024-11-18
800,800,CARD,SUCCESS,1,2022-03-30
801,801,CARD,SUCCESS,1,2023-07-28
802,802,CARD,SUCCESS,1,2024-12-12
803,803,UPI,SUCCESS,1,2023-12-07
804,804,UPI,SUCCESS,1,2024-07-07
805,805,NETBANKING,SUCCESS,1,2021-10-01
806,806,NETBANKING,SUCCESS,1,2021-09-08
807,807,UPI,SUCCESS,1,2024-04-17
808,808,CARD,SUCCESS,1,2022-05-18
809,809,CARD,SUCCESS,1,2022-08-10
810,810,CARD,SUCCESS,1,2021-09-07
811,811,NETBANKING,SUCCESS,1,2022-11-22
812,812,UPI,SUCCESS,1,2023-01-19
813,813,NETBANKING,SUCCESS,1,2024-05-15
814,814,NETBANKING,SUCCESS,1,2024-10-29
815,815,NETBANKING,SUCCESS,1,2024-10-28
816,816,CARD,SUCCESS,1,2024-10-11
817,817,UPI,SUCCESS,1,2024-07-09
818,818,UPI,SUCCESS,1,2024-08-16
819,819,NETBANKING,SUCCESS,1,2024-12-15
820,820,UPI,SUCCESS,1,2024-08-04
821,821,UPI,SUCCESS,1,2024-12-04
822,822,UPI,SUCCESS,1,2024-07-28
823,823,UPI,SUCCESS,1,2024-08-25
824,824,CARD,SUCCESS,1,2022-12-13
825,825,NETBANKING,SUCCESS,1,2022-11-08
826,826,CARD,SUCCESS,1,2023-07-20
827,827,CARD,SUCCESS,1,2023-02-02
828,828,CARD,SUCCESS,1,2024-02-21
829,829,UPI,SUCCESS,1,2024-11-16
830,830,CARD,SUCCESS,1,2024-11-19
831,831,CARD,SUCCESS,1,2024-09-05
832,832,NETBANKING,SUCCESS,1,2024-08-11
833,833,CARD,SUCCESS,1,2024-12-18
834,834,CARD,SUCCESS,1,2024-11-13
835,835,NETBANKING,SUCCESS,1,2024-12-31
836,836,UPI,SUCCESS,1,2024-10-21
837,837,CARD,SUCCESS,1,2024-10-25
838,838,UPI,SUCCESS,1,2024-09-06
839,839,UPI,SUCCESS,1,2024-12-11
840,840,NETBANKING,SUCCESS,1,2023-06-07
841,841,NETBANKING,SUCCESS,1,2024-12-31
842,842,NETBANKING,SUCCESS,1,2024-12-31
843,843,CARD,FAILED,0,2024-12-31
844,844,CARD,SUCCESS,1,2023-01-03
845,845,NETBANKING,SUCCESS,1,2022-12-01
846,846,NETBANKING,SUCCESS,1,2023-01-16
847,847,NETBANKING,SUCCESS,1,2022-06-04
848,848,CARD,SUCCESS,1,2022-03-18
849,849,UPI,FAILED,0,2024-04-08
850,850,CARD,SUCCESS,1,2022-09-19
851,851,CARD,SUCCESS,1,2024-08-03
852,852,CARD,SUCCESS,1,2024-12-20
853,853,UPI,SUCCESS,1,2023-12-15
854,854,NETBANKING,SUCCESS,1,2024-07-03
855,855,CARD,SUCCESS,1,2023-07-20
856,856,CARD,SUCCESS,1,2023-10-22
857,857,CARD,SUCCESS,1,2024-12-03
858,858,NETBANKING,SUCCESS,1,2022-04-12
859,859,UPI,SUCCESS,1,2024-09-18
860,860,UPI,SUCCESS,1,2024-02-24
861,861,NETBANKING,SUCCESS,1,2024-01-22
862,862,CARD,FAILED,0,2024-07-03
863,863,CARD,SUCCESS,1,2024-06-19
864,864,UPI,SUCCESS,1,2024-06-25
865,865,NETBANKING,SUCCESS,1,2022-01-20
866,866,NETBANKING,SUCCESS,1,2022-12-02
867,867,NETBANKING,SUCCESS,1,2023-10-12
868,868,UPI,SUCCESS,1,2023-02-07
869,869,NETBANKING,SUCCESS,1,2024-11-07
870,870,CARD,SUCCESS,1,2024-07-10
871,871,NETBANKING,SUCCESS,1,2023-11-13
872,872,UPI,SUCCESS,1,2024-09-12
873,873,NETBANKING,SUCCESS,1,2023-07-16
874,874,NETBANKING,SUCCESS,1,2022-10-23
875,875,CARD,SUCCESS,1,2024-08-22
876,876,CARD,SUCCESS,1,2023-12-06
877,877,UPI,SUCCESS,1,2023-05-18
878,878,UPI,SUCCESS,1,2022-04-11
879,879,NETBANKING,SUCCESS,1,2024-10-23
880,880,NETBANKING,SUCCESS,1,2022-05-28
881,881,UPI,SUCCESS,1,2024-12-27
882,882,UPI,SUCCESS,1,2024-10-27
883,883,CARD,SUCCESS,1,2024-06-03
884,884,CARD,SUCCESS,1,2023-06-27
885,885,NETBANKING,SUCCESS,1,2024-11-17
886,886,UPI,SUCCESS,1,2024-01-28
887,887,UPI,SUCCESS,1,2022-09-10
888,888,UPI,SUCCESS,1,2023-06-10
889,889,CARD,FAILED,0,2023-08-07
890,890,UPI,FAILED,0,2022-11-10
891,891,NETBANKING,SUCCESS,1,2023-04-30
892,892,CARD,SUCCESS,1,2024-01-02
893,893,NETBANKING,SUCCESS,1,2023-07-03
894,894,UPI,SUCCESS,1,2023-04-24
895,895,NETBANKING,SUCCESS,1,2024-07-05
896,896,NETBANKING,SUCCESS,1,2024-12-27
897,897,UPI,SUCCESS,1,2024-11-20
898,898,NETBANKING,SUCCESS,1,2024-12-12
899,899,UPI,SUCCESS,1,2024-07-01
900,900,NETBANKING,SUCCESS,1,2024-08-25
901,901,UPI,SUCCESS,1,2022-04-24
902,902,CARD,SUCCESS,1,2024-09-29
903,903,CARD,SUCCESS,1,2024-08-08
904,904,UPI,SUCCESS,1,2022-03-15
905,905,NETBANKING,SUCCESS,1,2024-06-14
906,906,UPI,SUCCESS,1,2022-11-23
907,907,CARD,SUCCESS,1,2024-08-10
908,908,UPI,SUCCESS,1,2022-06-23
909,909,NETBANKING,SUCCESS,1,2023-12-11
910,910,CARD,SUCCESS,1,2024-10-10
911,911,CARD,SUCCESS,1,2023-06-24
912,912,UPI,SUCCESS,1,2024-02-14
913,913,UPI,SUCCESS,1,2022-02-08
914,914,UPI,SUCCESS,1,2022-08-22
915,915,CARD,FAILED,0,2024-03-02
916,916,UPI,SUCCESS,1,2024-02-09
917,917,NETBANKING,SUCCESS,1,2023-09-16
918,918,NETBANKING,SUCCESS,1,2023-11-24
919,919,NETBANKING,SUCCESS,1,2024-12-24
920,920,NETBANKING,SUCCESS,1,2024-06-09
921,921,UPI,SUCCESS,1,2022-09-04
922,922,CARD,SUCCESS,1,2023-08-24
923,923,NETBANKING,SUCCESS,1,2022-11-19
924,924,UPI,FAILED,0,2022-04-29
925,925,CARD,SUCCESS,1,2024-12-13
926,926,CARD,SUCCESS,1,2024-11-23
927,927,UPI,SUCCESS,1,2024-12-06
928,928,CARD,SUCCESS,1,2023-12-23
929,929,UPI,FAILED,0,2024-05-10
930,930,NETBANKING,FAILED,0,2023-08-23
931,931,CARD,SUCCESS,1,2023-06-29
932,932,CARD,SUCCESS,1,2024-09-29
933,933,UPI,SUCCESS,1,2024-04-04
934,934,NETBANKING,SUCCESS,1,2022-10-18
935,935,NETBANKING,SUCCESS,1,2022-07-27
936,936,CARD,SUCCESS,1,2024-11-08
937,937,NETBANKING,SUCCESS,1,2024-03-06
938,938,CARD,SUCCESS,1,2024-08-22
939,939,NETBANKING,SUCCESS,1,2024-06-09
940,940,UPI,SUCCESS,1,2024-05-17
941,941,UPI,SUCCESS,1,2024-06-03
942,942,NETBANKING,SUCCESS,1,2022-06-26
943,943,NETBANKING,SUCCESS,1,2022-08-07
944,944,UPI,SUCCESS,1,2024-06-27
945,945,CARD,SUCCESS,1,2023-06-23
946,946,NETBANKING,SUCCESS,1,2024-08-05
947,947,UPI,FAILED,0,2023-06-14
948,948,CARD,FAILED,0,2023-04-22
949,949,CARD,SUCCESS,1,2024-03-05
950,950,NETBANKING,SUCCESS,1,2024-03-05
951,951,CARD,SUCCESS,1,2024-06-27
952,952,NETBANKING,SUCCESS,1,2023-06-05
953,953,NETBANKING,SUCCESS,1,2024-01-15
954,954,NETBANKING,SUCCESS,1,2024-11-18
955,955,CARD,SUCCESS,1,2024-05-31
956,956,UPI,SUCCESS,1,2024-04-10
957,957,CARD,SUCCESS,1,2023-04-08
958,958,NETBANKING,SUCCESS,1,2024-02-17
959,959,NETBANKING,SUCCESS,1,2024-01-31
960,960,CARD,SUCCESS,1,2023-04-17
961,961,UPI,SUCCESS,1,2023-04-27
962,962,CARD,SUCCESS,1,2021-09-01
963,963,NETBANKING,SUCCESS,1,2023-05-11
964,964,UPI,SUCCESS,1,2024-11-27
965,965,CARD,SUCCESS,1,2024-05-31
966,966,CARD,SUCCESS,1,2024-04-26
967,967,UPI,SUCCESS,1,2023-10-22
968,968,UPI,SUCCESS,1,2023-09-25
969,969,NETBANKING,SUCCESS,1,2024-07-08
970,970,CARD,SUCCESS,1,2024-11-08
971,971,NETBANKING,SUCCESS,1,2024-04-20
972,972,NETBANKING,SUCCESS,1,2023-11-30
973,973,NETBANKING,SUCCESS,1,2023-08-17
974,974,CARD,SUCCESS,1,2023-07-28
975,975,CARD,SUCCESS,1,2024-04-12
976,976,CARD,SUCCESS,1,2023-01-27
977,977,CARD,SUCCESS,1,2024-03-07
978,978,NETBANKING,SUCCESS,1,2024-12-11
979,979,UPI,SUCCESS,1,2024-11-10
980,980,NETBANKING,SUCCESS,1,2024-11-18
981,981,CARD,SUCCESS,1,2023-11-02
982,982,NETBANKING,SUCCESS,1,2024-05-17
983,983,UPI,SUCCESS,1,2022-09-11
984,984,CARD,FAILED,0,2023-07-24
985,985,UPI,SUCCESS,1,2024-05-21
986,986,NETBANKING,SUCCESS,1,2023-12-19
987,987,UPI,SUCCESS,1,2023-06-27
988,988,CARD,SUCCESS,1,2022-07-02
989,989,NETBANKING,SUCCESS,1,2023-11-03
990,990,NETBANKING,SUCCESS,1,2021-09-07
991,991,NETBANKING,SUCCESS,1,2023-04-03
992,992,NETBANKING,SUCCESS,1,2023-03-26
993,993,NETBANKING,SUCCESS,1,2024-12-06
994,994,NETBANKING,SUCCESS,1,2024-09-20
995,995,NETBANKING,SUCCESS,1,2024-09-02
996,996,CARD,SUCCESS,1,2024-03-11
997,997,UPI,SUCCESS,1,2024-12-26
998,998,CARD,SUCCESS,1,2024-11-13
999,999,CARD,SUCCESS,1,2024-05-25
1000,1000,CARD,SUCCESS,1,2024-05-02
1001,1001,NETBANKING,SUCCESS,1,2024-09-03
1002,1002,NETBANKING,SUCCESS,1,2024-03-19
1003,1003,NETBANKING,SUCCESS,1,2024-09-08
1004,1004,CARD,SUCCESS,1,2024-07-08
1005,1005,NETBANKING,SUCCESS,1,2024-11-28
1006,1006,UPI,SUCCESS,1,2024-11-01
1007,1007,CARD,SUCCESS,1,2024-11-01
1008,1008,NETBANKING,SUCCESS,1,2024-08-21
1009,1009,CARD,SUCCESS,1,2024-07-30
1010,1010,UPI,SUCCESS,1,2024-08-06
1011,1011,UPI,SUCCESS,1,2024-12-31
1012,1012,UPI,SUCCESS,1,2022-01-12
1013,1013,UPI,SUCCESS,1,2023-11-13
1014,1014,CARD,FAILED,0,2023-10-22
1015,1015,NETBANKING,SUCCESS,1,2023-10-22
1016,1016,CARD,SUCCESS,1,2022-01-05
1017,1017,NETBANKING,SUCCESS,1,2024-12-31
1018,1018,UPI,SUCCESS,1,2024-10-16
1019,1019,NETBANKING,SUCCESS,1,2024-08-30
1020,1020,NETBANKING,SUCCESS,1,2024-06-20
1021,1021,NETBANKING,SUCCESS,1,2024-07-17
1022,1022,UPI,SUCCESS,1,2024-04-07
1023,1023,CARD,SUCCESS,1,2024-08-17
1024,1024,UPI,SUCCESS,1,2024-09-08
1025,1025,UPI,FAILED,0,2021-11-29
1026,1026,NETBANKING,SUCCESS,1,2024-10-13
1027,1027,NETBANKING,FAILED,0,2024-05-20
1028,1028,CARD,SUCCESS,1,2023-09-07
1029,1029,CARD,SUCCESS,1,2024-09-20
1030,1030,UPI,SUCCESS,1,2024-12-26
1031,1031,UPI,SUCCESS,1,2024-01-29
1032,1032,UPI,SUCCESS,1,2024-08-24
1033,1033,UPI,SUCCESS,1,2024-12-09
1034,1034,CARD,FAILED,0,2024-10-27
1035,1035,CARD,SUCCESS,1,2023-06-03
1036,1036,UPI,SUCCESS,1,2023-11-19
1037,1037,UPI,SUCCESS,1,2023-05-30
1038,1038,CARD,SUCCESS,1,2023-05-22
1039,1039,UPI,SUCCESS,1,2024-09-08
1040,1040,UPI,SUCCESS,1,2024-06-28
1041,1041,UPI,SUCCESS,1,2024-07-22
1042,1042,UPI,SUCCESS,1,2023-05-30
1043,1043,CARD,SUCCESS,1,2023-11-27
1044,1044,UPI,SUCCESS,1,2024-12-21
1045,1045,UPI,SUCCESS,1,2024-10-10
1046,1046,CARD,SUCCESS,1,2024-10-16
1047,1047,NETBANKING,SUCCESS,1,2024-11-05
1048,1048,NETBANKING,SUCCESS,1,2024-12-04
1049,1049,NETBANKING,SUCCESS,1,2024-08-15
1050,1050,CARD,SUCCESS,1,2024-07-19
1051,1051,NETBANKING,SUCCESS,1,2024-05-11
1052,1052,CARD,SUCCESS,1,2021-12-08
1053,1053,NETBANKING,SUCCESS,1,2024-10-15
1054,1054,CARD,SUCCESS,1,2024-07-01
1055,1055,CARD,SUCCESS,1,2022-11-18
1056,1056,UPI,SUCCESS,1,2024-05-30
1057,1057,NETBANKING,SUCCESS,1,2024-11-08
1058,1058,CARD,SUCCESS,1,2024-10-15
1059,1059,NETBANKING,SUCCESS,1,2023-01-14
1060,1060,UPI,SUCCESS,1,2023-01-25
1061,1061,CARD,SUCCESS,1,2024-11-29
1062,1062,UPI,SUCCESS,1,2023-04-13
1063,1063,CARD,SUCCESS,1,2023-05-05
1064,1064,NETBANKING,SUCCESS,1,2024-10-12
1065,1065,CARD,SUCCESS,1,2023-12-08
1066,1066,UPI,FAILED,0,2022-05-17
1067,1067,NETBANKING,SUCCESS,1,2024-06-08
1068,1068,UPI,SUCCESS,1,2024-01-22
1069,1069,CARD,SUCCESS,1,2024-12-19
1070,1070,NETBANKING,SUCCESS,1,2024-12-19
1071,1071,UPI,SUCCESS,1,2024-07-14
1072,1072,NETBANKING,SUCCESS,1,2024-08-23
1073,1073,CARD,SUCCESS,1,2023-02-28
1074,1074,UPI,SUCCESS,1,2024-12-18
1075,1075,CARD,SUCCESS,1,2024-12-07
1076,1076,NETBANKING,SUCCESS,1,2023-05-30
1077,1077,CARD,SUCCESS,1,2024-08-09
1078,1078,UPI,FAILED,0,2024-06-16
1079,1079,UPI,SUCCESS,1,2024-06-29
1080,1080,CARD,SUCCESS,1,2024-03-28
1081,1081,NETBANKING,SUCCESS,1,2024-11-08
1082,1082,UPI,SUCCESS,1,2023-09-08
1083,1083,UPI,SUCCESS,1,2024-11-27
1084,1084,NETBANKING,SUCCESS,1,2023-08-04
1085,1085,CARD,SUCCESS,1,2024-10-29
1086,1086,NETBANKING,SUCCESS,1,2024-06-24
1087,1087,UPI,SUCCESS,1,2024-05-25
1088,1088,NETBANKING,SUCCESS,1,2024-07-04
1089,1089,UPI,SUCCESS,1,2024-06-22
1090,1090,NETBANKING,SUCCESS,1,2022-09-23
1091,1091,NETBANKING,SUCCESS,1,2022-09-02
1092,1092,NETBANKING,SUCCESS,1,2023-03-18
1093,1093,UPI,SUCCESS,1,2023-02-09
1094,1094,NETBANKING,SUCCESS,1,2024-02-01
1095,1095,CARD,FAILED,0,2022-06-05
1096,1096,NETBANKING,SUCCESS,1,2023-04-25
1097,1097,UPI,SUCCESS,1,2023-06-23
1098,1098,UPI,SUCCESS,1,2023-12-04
1099,1099,NETBANKING,SUCCESS,1,2024-12-15
1100,1100,UPI,SUCCESS,1,2022-12-22
1101,1101,UPI,FAILED,0,2021-12-28
1102,1102,UPI,SUCCESS,1,2023-07-24
1103,1103,CARD,SUCCESS,1,2023-05-23
1104,1104,UPI,SUCCESS,1,2022-06-30
1105,1105,CARD,SUCCESS,1,2023-11-03
1106,1106,NETBANKING,SUCCESS,1,2024-07-29
1107,1107,NETBANKING,SUCCESS,1,2024-08-25
1108,1108,CARD,SUCCESS,1,2024-08-09
1109,1109,UPI,SUCCESS,1,2024-02-02
1110,1110,CARD,SUCCESS,1,2024-05-28
1111,1111,CARD,SUCCESS,1,2024-06-08
1112,1112,CARD,FAILED,0,2024-04-13
1113,1113,NETBANKING,SUCCESS,1,2024-12-02
1114,1114,NETBANKING,SUCCESS,1,2023-07-27
1115,1115,NETBANKING,SUCCESS,1,2023-06-02
1116,1116,CARD,SUCCESS,1,2023-06-22
1117,1117,NETBANKING,SUCCESS,1,2021-11-19
1118,1118,UPI,SUCCESS,1,2022-06-13
1119,1119,UPI,SUCCESS,1,2022-02-19
1120,1120,CARD,SUCCESS,1,2024-02-26
1121,1121,NETBANKING,SUCCESS,1,2024-07-11
1122,1122,UPI,SUCCESS,1,2024-10-09
1123,1123,CARD,SUCCESS,1,2024-12-29
1124,1124,CARD,SUCCESS,1,2022-01-17
1125,1125,NETBANKING,SUCCESS,1,2024-06-15
1126,1126,CARD,SUCCESS,1,2023-07-02
1127,1127,CARD,SUCCESS,1,2024-12-16
1128,1128,CARD,FAILED,0,2023-08-16
1129,1129,CARD,SUCCESS,1,2024-09-11
1130,1130,UPI,SUCCESS,1,2021-06-06
1131,1131,CARD,SUCCESS,1,2021-12-31
1132,1132,CARD,SUCCESS,1,2024-10-30
1133,1133,CARD,SUCCESS,1,2024-10-31
1134,1134,UPI,SUCCESS,1,2024-07-27
1135,1135,NETBANKING,FAILED,0,2024-05-18
1136,1136,NETBANKING,SUCCESS,1,2024-06-02
1137,1137,UPI,FAILED,0,2023-11-13
1138,1138,NETBANKING,FAILED,0,2024-08-03
1139,1139,NETBANKING,SUCCESS,1,2023-04-10
1140,1140,CARD,SUCCESS,1,2023-07-27
1141,1141,CARD,SUCCESS,1,2024-06-16
1142,1142,CARD,SUCCESS,1,2024-12-10
1143,1143,CARD,SUCCESS,1,2024-10-22
1144,1144,UPI,SUCCESS,1,2024-12-14
1145,1145,UPI,SUCCESS,1,2024-12-02
1146,1146,UPI,SUCCESS,1,2023-08-26
1147,1147,NETBANKING,SUCCESS,1,2024-11-24
1148,1148,NETBANKING,SUCCESS,1,2023-12-21
1149,1149,UPI,SUCCESS,1,2024-07-28
1150,1150,NETBANKING,SUCCESS,1,2024-01-18
1151,1151,CARD,SUCCESS,1,2024-12-30
1152,1152,UPI,SUCCESS,1,2021-08-17
1153,1153,NETBANKING,SUCCESS,1,2023-07-26
1154,1154,NETBANKING,SUCCESS,1,2024-08-11
1155,1155,CARD,SUCCESS,1,2023-12-13
1156,1156,CARD,SUCCESS,1,2024-11-05
1157,1157,UPI,SUCCESS,1,2024-08-12
1158,1158,CARD,SUCCESS,1,2024-08-19
1159,1159,NETBANKING,SUCCESS,1,2023-12-01
1160,1160,UPI,SUCCESS,1,2022-08-04
1161,1161,CARD,SUCCESS,1,2024-11-20
1162,1162,NETBANKING,SUCCESS,1,2024-05-12
1163,1163,UPI,SUCCESS,1,2022-06-04
1164,1164,UPI,SUCCESS,1,2022-03-08
1165,1165,UPI,SUCCESS,1,2022-12-31
1166,1166,NETBANKING,SUCCESS,1,2024-12-14
1167,1167,CARD,SUCCESS,1,2024-10-01
1168,1168,NETBANKING,SUCCESS,1,2024-11-24
1169,1169,UPI,FAILED,0,2023-01-17
1170,1170,CARD,SUCCESS,1,2022-07-16
1171,1171,NETBANKING,SUCCESS,1,2024-11-15
1172,1172,CARD,FAILED,0,2023-12-01
1173,1173,CARD,SUCCESS,1,2023-06-01
1174,1174,UPI,SUCCESS,1,2023-09-01
1175,1175,UPI,SUCCESS,1,2024-06-08
1176,1176,CARD,SUCCESS,1,2024-08-29
1177,1177,NETBANKING,SUCCESS,1,2024-02-10
1178,1178,NETBANKING,SUCCESS,1,2022-12-12
1179,1179,CARD,SUCCESS,1,2024-10-14
1180,1180,CARD,SUCCESS,1,2024-04-21
1181,1181,UPI,SUCCESS,1,2024-05-16
1182,1182,CARD,SUCCESS,1,2023-07-24
1183,1183,CARD,SUCCESS,1,2023-11-25
1184,1184,CARD,SUCCESS,1,2024-01-15
1185,1185,NETBANKING,SUCCESS,1,2023-12-15
1186,1186,NETBANKING,SUCCESS,1,2024-09-04
1187,1187,NETBANKING,SUCCESS,1,2024-09-01
1188,1188,NETBANKING,SUCCESS,1,2022-11-23
1189,1189,CARD,SUCCESS,1,2024-01-17
1190,1190,NETBANKING,SUCCESS,1,2023-11-25
1191,1191,CARD,SUCCESS,1,2023-07-14
1192,1192,NETBANKING,SUCCESS,1,2022-12-24
1193,1193,UPI,SUCCESS,1,2024-01-16
1194,1194,NETBANKING,SUCCESS,1,2024-09-26
1195,1195,NETBANKING,SUCCESS,1,2024-06-24
1196,1196,UPI,SUCCESS,1,2022-09-12
1197,1197,UPI,SUCCESS,1,2022-12-08
1198,1198,CARD,SUCCESS,1,2023-12-21
1199,1199,CARD,SUCCESS,1,2024-08-28
1200,1200,CARD,SUCCESS,1,2024-11-15
1201,1201,UPI,SUCCESS,1,2024-05-12
1202,1202,CARD,SUCCESS,1,2024-04-25
1203,1203,UPI,SUCCESS,1,2021-03-28
1204,1204,NETBANKING,SUCCESS,1,2023-09-11
1205,1205,NETBANKING,SUCCESS,1,2024-12-22
1206,1206,NETBANKING,SUCCESS,1,2024-09-28
1207,1207,UPI,SUCCESS,1,2024-10-08
1208,1208,UPI,SUCCESS,1,2024-04-20
1209,1209,CARD,SUCCESS,1,2024-08-26
1210,1210,UPI,SUCCESS,1,2024-12-14
1211,1211,NETBANKING,SUCCESS,1,2024-01-14
1212,1212,CARD,SUCCESS,1,2024-09-26
1213,1213,UPI,SUCCESS,1,2024-12-27
1214,1214,UPI,SUCCESS,1,2024-02-08
1215,1215,UPI,SUCCESS,1,2024-03-02
1216,1216,NETBANKING,SUCCESS,1,2022-03-02
1217,1217,CARD,SUCCESS,1,2023-09-17
1218,1218,NETBANKING,SUCCESS,1,2024-05-11
1219,1219,UPI,SUCCESS,1,2023-08-19
1220,1220,NETBANKING,SUCCESS,1,2024-05-01
1221,1221,UPI,SUCCESS,1,2024-11-29
1222,1222,CARD,SUCCESS,1,2024-12-31
1223,1223,NETBANKING,SUCCESS,1,2024-07-26
1224,1224,NETBANKING,SUCCESS,1,2024-11-27
1225,1225,CARD,SUCCESS,1,2024-04-23
1226,1226,CARD,SUCCESS,1,2024-07-09
1227,1227,NETBANKING,SUCCESS,1,2024-10-08
1228,1228,NETBANKING,SUCCESS,1,2023-10-27
1229,1229,UPI,SUCCESS,1,2024-11-28
1230,1230,CARD,SUCCESS,1,2024-12-06
1231,1231,UPI,SUCCESS,1,2024-11-22
1232,1232,UPI,SUCCESS,1,2024-12-13
1233,1233,CARD,SUCCESS,1,2024-12-14
1234,1234,CARD,SUCCESS,1,2023-04-29
1235,1235,UPI,SUCCESS,1,2024-11-23
1236,1236,UPI,SUCCESS,1,2024-01-24
1237,1237,NETBANKING,SUCCESS,1,2022-07-25
1238,1238,CARD,SUCCESS,1,2024-11-02
1239,1239,NETBANKING,SUCCESS,1,2024-11-18
1240,1240,NETBANKING,SUCCESS,1,2024-12-30
1241,1241,NETBANKING,SUCCESS,1,2024-11-14
1242,1242,CARD,SUCCESS,1,2024-12-19
1243,1243,NETBANKING,SUCCESS,1,2023-04-01
1244,1244,NETBANKING,SUCCESS,1,2023-08-30
1245,1245,UPI,SUCCESS,1,2024-11-23
1246,1246,UPI,SUCCESS,1,2022-12-25
1247,1247,UPI,SUCCESS,1,2022-12-08
1248,1248,NETBANKING,SUCCESS,1,2022-07-24
1249,1249,NETBANKING,SUCCESS,1,2024-02-01
1250,1250,NETBANKING,SUCCESS,1,2023-02-03
1251,1251,CARD,SUCCESS,1,2024-04-23
1252,1252,NETBANKING,SUCCESS,1,2023-07-25
1253,1253,NETBANKING,SUCCESS,1,2023-12-23
1254,1254,CARD,SUCCESS,1,2023-05-01
1255,1255,UPI,SUCCESS,1,2024-03-10
1256,1256,UPI,FAILED,0,2022-05-22
1257,1257,NETBANKING,SUCCESS,1,2024-08-28
1258,1258,CARD,SUCCESS,1,2024-12-10
1259,1259,CARD,SUCCESS,1,2024-09-17
1260,1260,UPI,SUCCESS,1,2024-05-20
1261,1261,CARD,SUCCESS,1,2024-11-03
1262,1262,UPI,SUCCESS,1,2024-11-07
1263,1263,NETBANKING,SUCCESS,1,2024-12-01
1264,1264,CARD,SUCCESS,1,2024-10-19
1265,1265,NETBANKING,SUCCESS,1,2024-04-12
1266,1266,UPI,SUCCESS,1,2024-03-01
1267,1267,UPI,SUCCESS,1,2021-05-23
1268,1268,NETBANKING,SUCCESS,1,2024-05-05
1269,1269,CARD,FAILED,0,2021-08-22
1270,1270,CARD,SUCCESS,1,2024-06-21
1271,1271,NETBANKING,SUCCESS,1,2023-10-18
1272,1272,NETBANKING,SUCCESS,1,2024-08-25
1273,1273,NETBANKING,SUCCESS,1,2024-01-29
1274,1274,CARD,SUCCESS,1,2024-03-21
1275,1275,UPI,SUCCESS,1,2022-05-12
1276,1276,CARD,SUCCESS,1,2024-08-27
1277,1277,NETBANKING,SUCCESS,1,2024-12-01
1278,1278,CARD,SUCCESS,1,2022-09-04
1279,1279,CARD,SUCCESS,1,2022-06-03
1280,1280,NETBANKING,SUCCESS,1,2023-10-05
1281,1281,UPI,SUCCESS,1,2024-02-27
1282,1282,CARD,SUCCESS,1,2023-07-11
1283,1283,CARD,SUCCESS,1,2025-01-01
1284,1284,UPI,SUCCESS,1,2024-05-10
1285,1285,NETBANKING,SUCCESS,1,2024-05-28
1286,1286,NETBANKING,SUCCESS,1,2024-09-02
1287,1287,NETBANKING,SUCCESS,1,2024-10-15
1288,1288,CARD,SUCCESS,1,2024-11-20
1289,1289,UPI,SUCCESS,1,2024-03-02
1290,1290,CARD,SUCCESS,1,2024-03-15
1291,1291,CARD,FAILED,0,2024-05-17
1292,1292,CARD,SUCCESS,1,2024-04-19
1293,1293,UPI,SUCCESS,1,2024-03-25
1294,1294,CARD,SUCCESS,1,2024-03-27
1295,1295,CARD,SUCCESS,1,2022-06-12
1296,1296,NETBANKING,SUCCESS,1,2022-09-12
1297,1297,CARD,SUCCESS,1,2023-06-03
1298,1298,UPI,FAILED,0,2024-10-26
1299,1299,NETBANKING,SUCCESS,1,2024-10-22
1300,1300,CARD,SUCCESS,1,2023-07-16
1301,1301,CARD,SUCCESS,1,2024-08-31
1302,1302,UPI,SUCCESS,1,2024-03-26
1303,1303,NETBANKING,SUCCESS,1,2024-04-04
1304,1304,CARD,SUCCESS,1,2024-10-25
1305,1305,CARD,SUCCESS,1,2024-07-24
1306,1306,NETBANKING,SUCCESS,1,2024-08-22
1307,1307,CARD,SUCCESS,1,2024-08-24
1308,1308,UPI,SUCCESS,1,2024-07-26
1309,1309,UPI,SUCCESS,1,2023-03-12
1310,1310,NETBANKING,SUCCESS,1,2024-09-28
1311,1311,CARD,SUCCESS,1,2024-12-17
1312,1312,CARD,SUCCESS,1,2024-12-21
1313,1313,UPI,SUCCESS,1,2024-08-22
1314,1314,CARD,SUCCESS,1,2024-02-08
1315,1315,UPI,SUCCESS,1,2024-03-19
1316,1316,UPI,SUCCESS,1,2024-12-17
1317,1317,UPI,SUCCESS,1,2024-12-13
1318,1318,UPI,SUCCESS,1,2024-11-23
1319,1319,UPI,SUCCESS,1,2022-01-21
1320,1320,NETBANKING,SUCCESS,1,2024-06-14
1321,1321,NETBANKING,SUCCESS,1,2024-10-23
1322,1322,UPI,SUCCESS,1,2024-06-25
1323,1323,CARD,SUCCESS,1,2024-08-23
1324,1324,CARD,SUCCESS,1,2024-06-07
1325,1325,CARD,SUCCESS,1,2023-11-17
1326,1326,UPI,SUCCESS,1,2024-04-05
1327,1327,CARD,SUCCESS,1,2022-10-29
1328,1328,UPI,SUCCESS,1,2024-04-03
1329,1329,CARD,SUCCESS,1,2023-02-02
1330,1330,UPI,SUCCESS,1,2022-11-10
1331,1331,CARD,SUCCESS,1,2023-11-10
1332,1332,NETBANKING,SUCCESS,1,2022-11-27
1333,1333,UPI,SUCCESS,1,2021-11-03
1334,1334,UPI,SUCCESS,1,2024-12-02
1335,1335,CARD,SUCCESS,1,2024-06-28
1336,1336,NETBANKING,SUCCESS,1,2023-01-07
1337,1337,NETBANKING,SUCCESS,1,2023-07-03
1338,1338,CARD,SUCCESS,1,2024-12-09
1339,1339,UPI,SUCCESS,1,2024-11-21
1340,1340,UPI,SUCCESS,1,2024-01-23
1341,1341,UPI,SUCCESS,1,2024-09-02
1342,1342,UPI,SUCCESS,1,2024-08-15
1343,1343,UPI,SUCCESS,1,2024-06-22
1344,1344,NETBANKING,SUCCESS,1,2024-12-06
1345,1345,CARD,SUCCESS,1,2024-09-08
1346,1346,UPI,SUCCESS,1,2024-12-23
1347,1347,CARD,FAILED,0,2024-06-04
1348,1348,UPI,SUCCESS,1,2022-11-23
1349,1349,UPI,SUCCESS,1,2024-10-14
1350,1350,UPI,SUCCESS,1,2023-02-22
1351,1351,UPI,SUCCESS,1,2024-01-22
1352,1352,UPI,SUCCESS,1,2023-10-16
1353,1353,UPI,SUCCESS,1,2021-10-29
1354,1354,NETBANKING,SUCCESS,1,2024-12-08
1355,1355,UPI,SUCCESS,1,2023-04-01
1356,1356,CARD,SUCCESS,1,2024-08-13
1357,1357,NETBANKING,SUCCESS,1,2024-03-11
1358,1358,UPI,FAILED,0,2024-12-16
1359,1359,CARD,SUCCESS,1,2024-05-01
1360,1360,NETBANKING,SUCCESS,1,2023-08-29
1361,1361,CARD,SUCCESS,1,2024-10-05
1362,1362,CARD,SUCCESS,1,2023-11-23
1363,1363,CARD,SUCCESS,1,2024-01-26
1364,1364,CARD,SUCCESS,1,2024-10-27
1365,1365,UPI,SUCCESS,1,2023-10-12
1366,1366,UPI,SUCCESS,1,2024-06-13
1367,1367,UPI,SUCCESS,1,2023-01-20
1368,1368,UPI,SUCCESS,1,2021-11-18
1369,1369,UPI,FAILED,0,2023-12-16
1370,1370,UPI,SUCCESS,1,2023-10-27
1371,1371,CARD,SUCCESS,1,2024-12-28
1372,1372,UPI,SUCCESS,1,2024-06-29
1373,1373,CARD,SUCCESS,1,2023-11-19
1374,1374,CARD,SUCCESS,1,2024-10-08
1375,1375,UPI,SUCCESS,1,2024-11-06
1376,1376,NETBANKING,SUCCESS,1,2024-03-04
1377,1377,UPI,SUCCESS,1,2024-09-18
1378,1378,UPI,SUCCESS,1,2024-10-23
1379,1379,NETBANKING,SUCCESS,1,2024-05-15
1380,1380,UPI,SUCCESS,1,2024-11-28
1381,1381,UPI,SUCCESS,1,2023-01-05
1382,1382,UPI,SUCCESS,1,2024-11-07
1383,1383,CARD,SUCCESS,1,2024-11-15
1384,1384,NETBANKING,SUCCESS,1,2024-02-17
1385,1385,UPI,SUCCESS,1,2024-07-26
1386,1386,UPI,FAILED,0,2024-10-13
1387,1387,NETBANKING,SUCCESS,1,2024-05-27
1388,1388,UPI,SUCCESS,1,2024-12-03
1389,1389,UPI,SUCCESS,1,2022-01-12
1390,1390,NETBANKING,SUCCESS,1,2024-11-21
1391,1391,CARD,SUCCESS,1,2023-11-26
1392,1392,CARD,SUCCESS,1,2024-09-09
1393,1393,NETBANKING,SUCCESS,1,2024-05-19
1394,1394,NETBANKING,SUCCESS,1,2022-08-12
1395,1395,CARD,SUCCESS,1,2023-05-03
1396,1396,UPI,SUCCESS,1,2023-10-01
1397,1397,NETBANKING,SUCCESS,1,2024-10-10
1398,1398,CARD,SUCCESS,1,2024-11-30
1399,1399,CARD,FAILED,0,2024-11-28
1400,1400,CARD,FAILED,0,2024-11-11
1401,1401,CARD,SUCCESS,1,2024-12-10
1402,1402,NETBANKING,SUCCESS,1,2024-03-10
1403,1403,CARD,SUCCESS,1,2023-05-01
1404,1404,UPI,SUCCESS,1,2024-03-29
1405,1405,CARD,SUCCESS,1,2024-08-15
1406,1406,CARD,SUCCESS,1,2024-10-22
1407,1407,NETBANKING,SUCCESS,1,2022-03-21
1408,1408,NETBANKING,SUCCESS,1,2021-07-28
1409,1409,UPI,SUCCESS,1,2022-03-18
1410,1410,CARD,SUCCESS,1,2023-12-21
1411,1411,NETBANKING,SUCCESS,1,2022-06-13
1412,1412,CARD,SUCCESS,1,2023-11-07
1413,1413,UPI,SUCCESS,1,2024-11-29
1414,1414,UPI,SUCCESS,1,2024-03-03
1415,1415,CARD,SUCCESS,1,2023-10-14
1416,1416,CARD,SUCCESS,1,2023-10-02
1417,1417,CARD,SUCCESS,1,2024-12-01
1418,1418,NETBANKING,SUCCESS,1,2023-03-16
1419,1419,NETBANKING,SUCCESS,1,2023-01-01
1420,1420,UPI,SUCCESS,1,2024-11-21
1421,1421,CARD,SUCCESS,1,2024-02-27
1422,1422,NETBANKING,SUCCESS,1,2024-10-08
1423,1423,CARD,SUCCESS,1,2023-12-09
1424,1424,CARD,SUCCESS,1,2024-04-18
1425,1425,NETBANKING,SUCCESS,1,2024-06-23
1426,1426,UPI,SUCCESS,1,2024-06-19
1427,1427,UPI,SUCCESS,1,2024-04-12
1428,1428,CARD,FAILED,0,2024-04-04
1429,1429,UPI,SUCCESS,1,2024-08-13
1430,1430,UPI,SUCCESS,1,2024-06-09
1431,1431,NETBANKING,SUCCESS,1,2023-03-21
1432,1432,NETBANKING,SUCCESS,1,2024-12-24
1433,1433,UPI,SUCCESS,1,2023-11-20
1434,1434,NETBANKING,SUCCESS,1,2023-12-20
1435,1435,UPI,SUCCESS,1,2023-05-01
1436,1436,CARD,SUCCESS,1,2022-11-28
1437,1437,NETBANKING,SUCCESS,1,2024-12-12
1438,1438,UPI,SUCCESS,1,2024-09-13
1439,1439,CARD,SUCCESS,1,2024-07-18
1440,1440,UPI,SUCCESS,1,2024-12-19
1441,1441,UPI,SUCCESS,1,2021-11-14
1442,1442,NETBANKING,SUCCESS,1,2022-06-18
1443,1443,CARD,SUCCESS,1,2023-10-05
1444,1444,CARD,SUCCESS,1,2024-04-26
1445,1445,CARD,SUCCESS,1,2023-03-03
1446,1446,UPI,SUCCESS,1,2023-03-10
1447,1447,NETBANKING,SUCCESS,1,2022-01-16
1448,1448,NETBANKING,SUCCESS,1,2023-08-15
1449,1449,UPI,SUCCESS,1,2023-12-17
1450,1450,UPI,SUCCESS,1,2022-01-29
1451,1451,NETBANKING,SUCCESS,1,2023-08-10
1452,1452,UPI,SUCCESS,1,2022-11-18
1453,1453,UPI,SUCCESS,1,2023-12-15
1454,1454,UPI,SUCCESS,1,2024-06-20
1455,1455,CARD,SUCCESS,1,2023-03-26
1456,1456,CARD,SUCCESS,1,2022-04-09
1457,1457,NETBANKING,SUCCESS,1,2024-11-16
1458,1458,CARD,SUCCESS,1,2024-09-04
1459,1459,NETBANKING,SUCCESS,1,2024-11-15
1460,1460,UPI,SUCCESS,1,2024-06-18
1461,1461,UPI,SUCCESS,1,2024-02-10
1462,1462,UPI,SUCCESS,1,2024-05-04
1463,1463,NETBANKING,SUCCESS,1,2022-06-25
1464,1464,CARD,SUCCESS,1,2023-03-11
1465,1465,NETBANKING,SUCCESS,1,2024-11-16
1466,1466,NETBANKING,SUCCESS,1,2024-09-17
1467,1467,UPI,SUCCESS,1,2024-03-20
1468,1468,CARD,SUCCESS,1,2024-10-04
1469,1469,UPI,SUCCESS,1,2024-11-06
1470,1470,UPI,SUCCESS,1,2024-03-22
1471,1471,CARD,SUCCESS,1,2024-09-20
1472,1472,NETBANKING,FAILED,0,2025-01-01
1473,1473,UPI,SUCCESS,1,2024-08-26
1474,1474,NETBANKING,SUCCESS,1,2024-05-10
1475,1475,NETBANKING,FAILED,0,2021-11-14
1476,1476,CARD,SUCCESS,1,2022-09-07
1477,1477,CARD,FAILED,0,2022-09-12
1478,1478,NETBANKING,SUCCESS,1,2024-12-16
1479,1479,UPI,SUCCESS,1,2024-08-05
1480,1480,UPI,SUCCESS,1,2023-08-20
1481,1481,UPI,SUCCESS,1,2023-10-21
1482,1482,UPI,SUCCESS,1,2024-02-17
1483,1483,NETBANKING,SUCCESS,1,2024-12-11
1484,1484,CARD,SUCCESS,1,2024-08-23
1485,1485,UPI,SUCCESS,1,2024-10-02
1486,1486,CARD,SUCCESS,1,2024-11-05
1487,1487,NETBANKING,SUCCESS,1,2024-02-06
1488,1488,UPI,SUCCESS,1,2024-09-10
1489,1489,NETBANKING,SUCCESS,1,2023-01-30
1490,1490,NETBANKING,SUCCESS,1,2024-12-21
1491,1491,CARD,SUCCESS,1,2024-10-20
1492,1492,UPI,SUCCESS,1,2024-04-05
1493,1493,CARD,SUCCESS,1,2024-01-30
1494,1494,UPI,SUCCESS,1,2024-09-09
1495,1495,UPI,SUCCESS,1,2024-10-31
1496,1496,UPI,SUCCESS,1,2023-06-29
1497,1497,UPI,SUCCESS,1,2023-09-05
1498,1498,CARD,SUCCESS,1,2023-10-26
1499,1499,NETBANKING,SUCCESS,1,2023-10-12
1500,1500,UPI,SUCCESS,1,2023-09-22
1501,1501,NETBANKING,SUCCESS,1,2024-01-27
1502,1502,CARD,SUCCESS,1,2023-06-16
1503,1503,CARD,SUCCESS,1,2022-06-10
1504,1504,NETBANKING,SUCCESS,1,2023-04-28
1505,1505,NETBANKING,FAILED,0,2023-05-19
1506,1506,NETBANKING,SUCCESS,1,2024-09-17
1507,1507,CARD,SUCCESS,1,2024-06-26
1508,1508,CARD,SUCCESS,1,2024-07-05
1509,1509,NETBANKING,SUCCESS,1,2024-01-21
1510,1510,NETBANKING,SUCCESS,1,2023-06-19
1511,1511,NETBANKING,SUCCESS,1,2024-05-22
1512,1512,NETBANKING,SUCCESS,1,2023-07-21
1513,1513,NETBANKING,SUCCESS,1,2023-10-14
1514,1514,UPI,SUCCESS,1,2024-07-31
1515,1515,NETBANKING,SUCCESS,1,2022-10-19
1516,1516,NETBANKING,SUCCESS,1,2023-12-19
1517,1517,NETBANKING,SUCCESS,1,2022-06-26
1518,1518,CARD,SUCCESS,1,2024-02-14
1519,1519,NETBANKING,SUCCESS,1,2024-09-27
1520,1520,NETBANKING,SUCCESS,1,2024-09-07
1521,1521,CARD,SUCCESS,1,2022-01-05
1522,1522,UPI,SUCCESS,1,2024-12-10
1523,1523,CARD,SUCCESS,1,2021-11-30
1524,1524,CARD,SUCCESS,1,2022-01-24
1525,1525,CARD,SUCCESS,1,2023-08-31
1526,1526,UPI,SUCCESS,1,2024-06-23
1527,1527,NETBANKING,SUCCESS,1,2022-04-03
1528,1528,NETBANKING,SUCCESS,1,2023-04-14
1529,1529,UPI,SUCCESS,1,2023-05-08
1530,1530,CARD,SUCCESS,1,2022-02-22
1531,1531,CARD,SUCCESS,1,2024-08-23
1532,1532,UPI,SUCCESS,1,2024-12-24
1533,1533,CARD,SUCCESS,1,2024-10-02
1534,1534,NETBANKING,SUCCESS,1,2024-03-20
1535,1535,UPI,FAILED,0,2024-09-03
1536,1536,NETBANKING,SUCCESS,1,2024-12-21
1537,1537,CARD,SUCCESS,1,2024-11-10
1538,1538,CARD,SUCCESS,1,2024-02-14
1539,1539,NETBANKING,SUCCESS,1,2024-09-28
1540,1540,CARD,SUCCESS,1,2024-03-26
1541,1541,CARD,SUCCESS,1,2024-10-05
1542,1542,UPI,SUCCESS,1,2023-01-02
1543,1543,UPI,SUCCESS,1,2022-03-23
1544,1544,NETBANKING,SUCCESS,1,2024-12-24
1545,1545,UPI,FAILED,0,2024-12-29
1546,1546,NETBANKING,SUCCESS,1,2024-12-21
1547,1547,UPI,SUCCESS,1,2025-01-01
1548,1548,CARD,SUCCESS,1,2024-12-16
1549,1549,CARD,SUCCESS,1,2023-04-20
1550,1550,UPI,SUCCESS,1,2024-03-24
1551,1551,NETBANKING,SUCCESS,1,2021-12-25
1552,1552,UPI,SUCCESS,1,2024-10-03
1553,1553,UPI,SUCCESS,1,2024-10-06
1554,1554,CARD,SUCCESS,1,2022-06-12
1555,1555,UPI,SUCCESS,1,2022-05-06
1556,1556,UPI,SUCCESS,1,2021-11-20
1557,1557,NETBANKING,SUCCESS,1,2021-09-06
1558,1558,UPI,SUCCESS,1,2024-11-11
1559,1559,NETBANKING,SUCCESS,1,2024-12-30
1560,1560,NETBANKING,SUCCESS,1,2023-11-12
1561,1561,CARD,SUCCESS,1,2024-08-31
1562,1562,UPI,SUCCESS,1,2024-05-22
1563,1563,NETBANKING,SUCCESS,1,2024-05-09
1564,1564,CARD,SUCCESS,1,2022-12-02
1565,1565,NETBANKING,SUCCESS,1,2023-09-02
1566,1566,NETBANKING,SUCCESS,1,2024-06-16
1567,1567,CARD,SUCCESS,1,2024-09-27
1568,1568,CARD,SUCCESS,1,2024-11-17
1569,1569,UPI,SUCCESS,1,2024-05-11
1570,1570,CARD,SUCCESS,1,2024-05-21
1571,1571,NETBANKING,SUCCESS,1,2024-11-01
1572,1572,NETBANKING,SUCCESS,1,2022-05-12
1573,1573,UPI,SUCCESS,1,2024-06-23
1574,1574,UPI,SUCCESS,1,2022-06-08
1575,1575,NETBANKING,SUCCESS,1,2022-02-08
1576,1576,NETBANKING,SUCCESS,1,2021-08-29
1577,1577,UPI,SUCCESS,1,2022-01-13
1578,1578,CARD,SUCCESS,1,2024-10-12
1579,1579,UPI,SUCCESS,1,2024-03-13
1580,1580,NETBANKING,SUCCESS,1,2021-04-28
1581,1581,NETBANKING,SUCCESS,1,2024-02-05
1582,1582,NETBANKING,SUCCESS,1,2023-08-09
1583,1583,UPI,SUCCESS,1,2024-06-28
1584,1584,CARD,SUCCESS,1,2021-10-26
1585,1585,UPI,SUCCESS,1,2023-01-15
1586,1586,CARD,SUCCESS,1,2021-10-14
1587,1587,NETBANKING,SUCCESS,1,2022-10-25
1588,1588,UPI,SUCCESS,1,2024-12-08
1589,1589,NETBANKING,SUCCESS,1,2022-06-30
1590,1590,CARD,SUCCESS,1,2024-08-23
1591,1591,NETBANKING,SUCCESS,1,2023-12-22
1592,1592,UPI,SUCCESS,1,2023-08-13
1593,1593,CARD,SUCCESS,1,2024-02-23
1594,1594,NETBANKING,SUCCESS,1,2023-07-04
1595,1595,CARD,SUCCESS,1,2024-12-25
1596,1596,UPI,SUCCESS,1,2022-10-07
1597,1597,UPI,SUCCESS,1,2022-01-04
1598,1598,CARD,SUCCESS,1,2023-01-18
1599,1599,UPI,SUCCESS,1,2024-12-03
1600,1600,UPI,SUCCESS,1,2021-11-03
1601,1601,CARD,SUCCESS,1,2024-12-24
1602,1602,NETBANKING,SUCCESS,1,2024-09-24
1603,1603,CARD,SUCCESS,1,2023-10-13
1604,1604,CARD,SUCCESS,1,2024-09-22
1605,1605,UPI,SUCCESS,1,2024-07-11
1606,1606,NETBANKING,SUCCESS,1,2023-07-22
1607,1607,NETBANKING,SUCCESS,1,2024-06-23
1608,1608,NETBANKING,SUCCESS,1,2024-06-15
1609,1609,CARD,SUCCESS,1,2024-12-15
1610,1610,UPI,SUCCESS,1,2024-01-05
1611,1611,NETBANKING,SUCCESS,1,2024-02-07
1612,1612,UPI,SUCCESS,1,2023-10-31
1613,1613,CARD,SUCCESS,1,2024-11-07
1614,1614,UPI,SUCCESS,1,2024-10-05
1615,1615,UPI,SUCCESS,1,2021-02-11
1616,1616,CARD,SUCCESS,1,2023-04-28
1617,1617,CARD,SUCCESS,1,2024-07-11
1618,1618,UPI,SUCCESS,1,2024-11-26
1619,1619,UPI,SUCCESS,1,2024-07-04
1620,1620,NETBANKING,SUCCESS,1,2024-11-03
1621,1621,NETBANKING,SUCCESS,1,2023-09-11
1622,1622,NETBANKING,SUCCESS,1,2022-10-19
1623,1623,CARD,SUCCESS,1,2024-07-13
1624,1624,CARD,SUCCESS,1,2024-03-19
1625,1625,UPI,SUCCESS,1,2024-10-10
1626,1626,UPI,SUCCESS,1,2024-11-07
1627,1627,CARD,SUCCESS,1,2024-09-10
1628,1628,UPI,SUCCESS,1,2024-12-09
1629,1629,UPI,SUCCESS,1,2023-12-28
1630,1630,CARD,SUCCESS,1,2024-07-19
1631,1631,CARD,SUCCESS,1,2023-07-20
1632,1632,CARD,SUCCESS,1,2024-09-18
1633,1633,NETBANKING,SUCCESS,1,2023-09-11
1634,1634,CARD,SUCCESS,1,2024-06-18
1635,1635,UPI,SUCCESS,1,2024-07-21
1636,1636,UPI,SUCCESS,1,2024-10-19
1637,1637,NETBANKING,SUCCESS,1,2024-12-08
1638,1638,UPI,SUCCESS,1,2024-06-29
1639,1639,UPI,SUCCESS,1,2024-11-12
1640,1640,NETBANKING,SUCCESS,1,2022-06-29
1641,1641,CARD,SUCCESS,1,2024-08-15
1642,1642,NETBANKING,SUCCESS,1,2023-01-19
1643,1643,CARD,SUCCESS,1,2024-09-02
1644,1644,UPI,SUCCESS,1,2024-07-31
1645,1645,UPI,SUCCESS,1,2023-12-28
1646,1646,UPI,SUCCESS,1,2024-10-28
1647,1647,CARD,SUCCESS,1,2022-11-08
1648,1648,NETBANKING,SUCCESS,1,2023-03-25
1649,1649,NETBANKING,SUCCESS,1,2022-03-07
1650,1650,UPI,SUCCESS,1,2022-03-05
1651,1651,CARD,SUCCESS,1,2021-11-09
1652,1652,NETBANKING,SUCCESS,1,2024-12-25
1653,1653,NETBANKING,SUCCESS,1,2022-04-25
1654,1654,CARD,SUCCESS,1,2024-05-30
1655,1655,NETBANKING,SUCCESS,1,2024-09-25
1656,1656,CARD,SUCCESS,1,2023-04-06
1657,1657,UPI,SUCCESS,1,2024-10-15
1658,1658,UPI,SUCCESS,1,2024-07-02
1659,1659,UPI,SUCCESS,1,2024-11-09
1660,1660,NETBANKING,SUCCESS,1,2024-12-15
1661,1661,UPI,SUCCESS,1,2024-12-15
1662,1662,UPI,SUCCESS,1,2024-10-25
1663,1663,UPI,SUCCESS,1,2024-10-02
1664,1664,NETBANKING,SUCCESS,1,2022-06-29
1665,1665,CARD,SUCCESS,1,2023-09-17
1666,1666,CARD,SUCCESS,1,2023-11-10
1667,1667,NETBANKING,SUCCESS,1,2022-11-29
1668,1668,NETBANKING,SUCCESS,1,2024-12-18
1669,1669,CARD,SUCCESS,1,2024-12-13
1670,1670,CARD,FAILED,0,2024-12-03
1671,1671,CARD,SUCCESS,1,2023-08-24
1672,1672,UPI,SUCCESS,1,2023-10-01
1673,1673,NETBANKING,SUCCESS,1,2023-10-10
1674,1674,NETBANKING,SUCCESS,1,2022-08-06
1675,1675,UPI,SUCCESS,1,2023-06-16
1676,1676,UPI,SUCCESS,1,2023-05-13
1677,1677,CARD,SUCCESS,1,2023-10-02
1678,1678,CARD,SUCCESS,1,2022-05-16
1679,1679,UPI,SUCCESS,1,2024-03-14
1680,1680,UPI,SUCCESS,1,2023-01-05
1681,1681,NETBANKING,SUCCESS,1,2024-12-18
1682,1682,UPI,SUCCESS,1,2024-11-05
1683,1683,UPI,SUCCESS,1,2024-04-22
1684,1684,CARD,SUCCESS,1,2024-07-03
1685,1685,CARD,SUCCESS,1,2023-01-19
1686,1686,UPI,SUCCESS,1,2024-12-30
1687,1687,UPI,SUCCESS,1,2024-09-25
1688,1688,UPI,SUCCESS,1,2024-12-13
1689,1689,NETBANKING,SUCCESS,1,2023-06-19
1690,1690,UPI,SUCCESS,1,2023-07-09
1691,1691,NETBANKING,SUCCESS,1,2024-08-08
1692,1692,NETBANKING,SUCCESS,1,2024-09-21
1693,1693,NETBANKING,SUCCESS,1,2022-05-16
1694,1694,CARD,SUCCESS,1,2024-04-06
1695,1695,UPI,SUCCESS,1,2023-07-25
1696,1696,CARD,SUCCESS,1,2021-10-11
1697,1697,CARD,SUCCESS,1,2022-10-12
1698,1698,UPI,SUCCESS,1,2024-04-14
1699,1699,CARD,SUCCESS,1,2022-11-07
1700,1700,NETBANKING,SUCCESS,1,2021-11-26
1701,1701,UPI,SUCCESS,1,2023-01-13
1702,1702,UPI,SUCCESS,1,2023-10-31
1703,1703,CARD,SUCCESS,1,2023-06-14
1704,1704,CARD,SUCCESS,1,2022-11-15
1705,1705,CARD,SUCCESS,1,2024-02-12
1706,1706,CARD,FAILED,0,2022-10-27
1707,1707,UPI,SUCCESS,1,2023-09-11
1708,1708,UPI,SUCCESS,1,2024-09-06
1709,1709,UPI,SUCCESS,1,2024-05-09
1710,1710,NETBANKING,SUCCESS,1,2023-12-09
1711,1711,NETBANKING,SUCCESS,1,2024-03-01
1712,1712,UPI,SUCCESS,1,2024-02-15
1713,1713,UPI,SUCCESS,1,2024-11-06
1714,1714,CARD,SUCCESS,1,2024-11-05
1715,1715,NETBANKING,SUCCESS,1,2024-11-05
1716,1716,UPI,SUCCESS,1,2024-12-14
1717,1717,CARD,SUCCESS,1,2024-11-23
1718,1718,UPI,SUCCESS,1,2024-11-09
1719,1719,CARD,SUCCESS,1,2024-09-22
1720,1720,UPI,SUCCESS,1,2024-11-12
1721,1721,NETBANKING,SUCCESS,1,2023-04-27
1722,1722,UPI,SUCCESS,1,2023-07-05
1723,1723,UPI,FAILED,0,2023-01-03
1724,1724,CARD,SUCCESS,1,2024-02-22
1725,1725,NETBANKING,SUCCESS,1,2024-02-26
1726,1726,CARD,SUCCESS,1,2024-01-30
1727,1727,UPI,SUCCESS,1,2024-08-16
1728,1728,CARD,FAILED,0,2021-11-08
1729,1729,CARD,SUCCESS,1,2024-04-25
1730,1730,NETBANKING,SUCCESS,1,2022-10-30
1731,1731,UPI,SUCCESS,1,2023-02-23
1732,1732,UPI,SUCCESS,1,2022-04-15
1733,1733,NETBANKING,SUCCESS,1,2023-12-07
1734,1734,CARD,SUCCESS,1,2024-10-26
1735,1735,NETBANKING,SUCCESS,1,2024-10-13
1736,1736,CARD,SUCCESS,1,2023-10-13
1737,1737,NETBANKING,SUCCESS,1,2024-12-02
1738,1738,NETBANKING,SUCCESS,1,2024-11-30
1739,1739,UPI,SUCCESS,1,2024-11-28
1740,1740,NETBANKING,SUCCESS,1,2024-09-12
1741,1741,CARD,SUCCESS,1,2024-11-15
1742,1742,CARD,SUCCESS,1,2024-03-06
1743,1743,NETBANKING,SUCCESS,1,2023-07-24
1744,1744,UPI,SUCCESS,1,2023-01-27
1745,1745,NETBANKING,SUCCESS,1,2023-04-03
1746,1746,CARD,SUCCESS,1,2022-10-28
1747,1747,NETBANKING,SUCCESS,1,2025-01-01
1748,1748,UPI,SUCCESS,1,2023-08-01
1749,1749,CARD,SUCCESS,1,2023-01-08
1750,1750,UPI,SUCCESS,1,2022-09-04
1751,1751,NETBANKING,SUCCESS,1,2022-11-18
1752,1752,UPI,SUCCESS,1,2024-03-04
1753,1753,UPI,SUCCESS,1,2024-03-28
1754,1754,NETBANKING,SUCCESS,1,2023-11-28
1755,1755,NETBANKING,SUCCESS,1,2024-03-21
1756,1756,UPI,SUCCESS,1,2024-09-26
1757,1757,NETBANKING,SUCCESS,1,2024-07-02
1758,1758,UPI,SUCCESS,1,2023-11-23
1759,1759,UPI,SUCCESS,1,2024-12-04
1760,1760,CARD,SUCCESS,1,2024-12-01
1761,1761,CARD,SUCCESS,1,2024-12-01
1762,1762,NETBANKING,SUCCESS,1,2024-03-01
1763,1763,CARD,SUCCESS,1,2024-01-11
1764,1764,NETBANKING,SUCCESS,1,2024-01-30
1765,1765,NETBANKING,SUCCESS,1,2024-08-08
1766,1766,CARD,SUCCESS,1,2024-12-06
1767,1767,NETBANKING,SUCCESS,1,2024-08-28
1768,1768,CARD,SUCCESS,1,2024-10-24
1769,1769,CARD,SUCCESS,1,2023-05-25
1770,1770,NETBANKING,SUCCESS,1,2023-11-06
1771,1771,CARD,SUCCESS,1,2022-11-11
1772,1772,NETBANKING,SUCCESS,1,2023-10-23
1773,1773,CARD,SUCCESS,1,2024-11-13
1774,1774,NETBANKING,SUCCESS,1,2021-10-03
1775,1775,NETBANKING,SUCCESS,1,2024-10-14
1776,1776,UPI,SUCCESS,1,2024-02-16
1777,1777,UPI,SUCCESS,1,2022-12-26
1778,1778,CARD,SUCCESS,1,2024-09-16
1779,1779,CARD,SUCCESS,1,2023-03-26
1780,1780,UPI,SUCCESS,1,2023-06-28
1781,1781,CARD,FAILED,0,2022-10-26
1782,1782,CARD,SUCCESS,1,2024-02-16
1783,1783,NETBANKING,SUCCESS,1,2023-10-25
1784,1784,CARD,SUCCESS,1,2024-05-10
1785,1785,UPI,SUCCESS,1,2024-12-19
1786,1786,CARD,SUCCESS,1,2024-12-04
1787,1787,UPI,SUCCESS,1,2021-11-21
1788,1788,NETBANKING,SUCCESS,1,2024-12-15
1789,1789,CARD,SUCCESS,1,2024-05-05
1790,1790,NETBANKING,SUCCESS,1,2024-02-27
1791,1791,UPI,SUCCESS,1,2024-12-20
1792,1792,NETBANKING,SUCCESS,1,2024-01-08
1793,1793,CARD,SUCCESS,1,2023-06-19
1794,1794,CARD,SUCCESS,1,2024-09-15
1795,1795,UPI,SUCCESS,1,2024-11-13
1796,1796,CARD,SUCCESS,1,2024-12-24
1797,1797,CARD,SUCCESS,1,2024-11-19
1798,1798,NETBANKING,SUCCESS,1,2024-11-22
1799,1799,UPI,SUCCESS,1,2022-10-04
1800,1800,NETBANKING,SUCCESS,1,2024-01-14
1801,1801,NETBANKING,SUCCESS,1,2024-07-28
1802,1802,UPI,SUCCESS,1,2023-10-28
1803,1803,NETBANKING,SUCCESS,1,2023-12-07
1804,1804,CARD,SUCCESS,1,2024-11-08
1805,1805,UPI,SUCCESS,1,2023-11-15
1806,1806,UPI,SUCCESS,1,2022-11-07
1807,1807,CARD,SUCCESS,1,2024-05-30
1808,1808,UPI,SUCCESS,1,2024-04-21
1809,1809,CARD,SUCCESS,1,2023-06-18
1810,1810,UPI,FAILED,0,2024-11-15
1811,1811,UPI,SUCCESS,1,2024-09-10
1812,1812,CARD,SUCCESS,1,2024-05-20
1813,1813,NETBANKING,SUCCESS,1,2022-12-03
1814,1814,NETBANKING,SUCCESS,1,2023-02-27
1815,1815,NETBANKING,FAILED,0,2023-07-29
1816,1816,UPI,SUCCESS,1,2024-03-18
1817,1817,UPI,SUCCESS,1,2022-10-16
1818,1818,UPI,SUCCESS,1,2024-04-06
1819,1819,CARD,FAILED,0,2021-03-28
1820,1820,UPI,SUCCESS,1,2022-08-28
1821,1821,NETBANKING,SUCCESS,1,2024-04-14
1822,1822,NETBANKING,SUCCESS,1,2024-01-19
1823,1823,NETBANKING,SUCCESS,1,2024-07-21
1824,1824,CARD,SUCCESS,1,2023-10-24
1825,1825,CARD,SUCCESS,1,2022-04-25
1826,1826,CARD,SUCCESS,1,2024-05-05
1827,1827,NETBANKING,SUCCESS,1,2023-08-19
1828,1828,NETBANKING,SUCCESS,1,2024-01-09
1829,1829,NETBANKING,SUCCESS,1,2024-05-30
1830,1830,CARD,SUCCESS,1,2024-09-19
1831,1831,UPI,SUCCESS,1,2021-07-28
1832,1832,CARD,SUCCESS,1,2024-05-02
1833,1833,UPI,SUCCESS,1,2024-03-05
1834,1834,UPI,SUCCESS,1,2022-01-05
1835,1835,CARD,FAILED,0,2023-08-16
1836,1836,CARD,SUCCESS,1,2024-02-19
1837,1837,CARD,SUCCESS,1,2024-12-19
1838,1838,NETBANKING,SUCCESS,1,2024-08-06
1839,1839,CARD,FAILED,0,2024-12-05
1840,1840,UPI,FAILED,0,2022-02-07
1841,1841,UPI,SUCCESS,1,2024-11-17
1842,1842,CARD,SUCCESS,1,2024-08-10
1843,1843,UPI,SUCCESS,1,2024-07-11
1844,1844,CARD,SUCCESS,1,2024-10-12
1845,1845,CARD,SUCCESS,1,2024-05-04
1846,1846,UPI,SUCCESS,1,2024-01-21
1847,1847,CARD,SUCCESS,1,2023-09-22
1848,1848,NETBANKING,SUCCESS,1,2022-05-15
1849,1849,CARD,SUCCESS,1,2024-07-13
1850,1850,NETBANKING,SUCCESS,1,2023-05-31
1851,1851,CARD,SUCCESS,1,2024-08-01
1852,1852,UPI,SUCCESS,1,2024-12-18
1853,1853,UPI,SUCCESS,1,2023-05-05
1854,1854,CARD,SUCCESS,1,2024-11-08
1855,1855,UPI,SUCCESS,1,2022-09-02
1856,1856,UPI,SUCCESS,1,2024-07-04
1857,1857,UPI,SUCCESS,1,2022-11-15
1858,1858,NETBANKING,SUCCESS,1,2023-07-20
1859,1859,NETBANKING,SUCCESS,1,2024-10-18
1860,1860,UPI,SUCCESS,1,2024-11-26
1861,1861,UPI,SUCCESS,1,2023-10-28
1862,1862,UPI,SUCCESS,1,2023-06-06
1863,1863,CARD,SUCCESS,1,2024-12-20
1864,1864,CARD,SUCCESS,1,2024-10-25
1865,1865,UPI,SUCCESS,1,2024-06-09
1866,1866,NETBANKING,SUCCESS,1,2024-09-24
1867,1867,CARD,SUCCESS,1,2024-09-07
1868,1868,NETBANKING,SUCCESS,1,2024-09-10
1869,1869,NETBANKING,SUCCESS,1,2023-02-19
1870,1870,UPI,SUCCESS,1,2024-09-25
1871,1871,CARD,SUCCESS,1,2024-07-31
1872,1872,UPI,SUCCESS,1,2023-06-12
1873,1873,CARD,SUCCESS,1,2024-07-28
1874,1874,CARD,SUCCESS,1,2023-09-12
1875,1875,UPI,SUCCESS,1,2024-05-14
1876,1876,UPI,SUCCESS,1,2024-10-04
1877,1877,CARD,SUCCESS,1,2022-05-11
1878,1878,UPI,SUCCESS,1,2022-12-23
1879,1879,CARD,SUCCESS,1,2023-07-02
1880,1880,NETBANKING,SUCCESS,1,2023-03-28
1881,1881,NETBANKING,SUCCESS,1,2021-10-21
1882,1882,NETBANKING,SUCCESS,1,2024-03-24
1883,1883,CARD,SUCCESS,1,2023-08-03
1884,1884,UPI,SUCCESS,1,2024-10-21
1885,1885,NETBANKING,SUCCESS,1,2024-10-19
1886,1886,CARD,SUCCESS,1,2024-05-12
1887,1887,NETBANKING,SUCCESS,1,2023-06-08
1888,1888,CARD,SUCCESS,1,2024-03-23
1889,1889,NETBANKING,FAILED,0,2023-02-09
1890,1890,UPI,SUCCESS,1,2024-09-20
1891,1891,CARD,SUCCESS,1,2024-08-22
1892,1892,UPI,SUCCESS,1,2024-08-11
1893,1893,CARD,SUCCESS,1,2024-01-26
1894,1894,CARD,SUCCESS,1,2024-08-28
1895,1895,UPI,SUCCESS,1,2024-11-07
1896,1896,CARD,SUCCESS,1,2024-01-01
1897,1897,CARD,SUCCESS,1,2024-07-15
1898,1898,NETBANKING,SUCCESS,1,2024-11-08
1899,1899,UPI,SUCCESS,1,2024-03-17
1900,1900,UPI,SUCCESS,1,2024-05-11
1901,1901,CARD,SUCCESS,1,2024-06-18
1902,1902,CARD,SUCCESS,1,2024-12-12
1903,1903,UPI,SUCCESS,1,2024-11-09
1904,1904,CARD,SUCCESS,1,2024-11-07
1905,1905,NETBANKING,SUCCESS,1,2023-07-31
1906,1906,NETBANKING,SUCCESS,1,2023-11-29
1907,1907,CARD,SUCCESS,1,2024-11-07
1908,1908,NETBANKING,SUCCESS,1,2024-08-14
1909,1909,NETBANKING,SUCCESS,1,2022-09-14
1910,1910,NETBANKING,SUCCESS,1,2023-11-01
1911,1911,NETBANKING,SUCCESS,1,2024-02-26
1912,1912,UPI,SUCCESS,1,2024-06-03
1913,1913,CARD,SUCCESS,1,2024-04-09
1914,1914,CARD,SUCCESS,1,2024-10-23
1915,1915,NETBANKING,SUCCESS,1,2024-05-28
1916,1916,CARD,SUCCESS,1,2024-06-18
1917,1917,NETBANKING,SUCCESS,1,2024-12-30
1918,1918,UPI,SUCCESS,1,2024-11-16
1919,1919,UPI,SUCCESS,1,2024-11-03
1920,1920,NETBANKING,SUCCESS,1,2024-11-26
1921,1921,NETBANKING,SUCCESS,1,2022-03-19
1922,1922,CARD,SUCCESS,1,2022-11-18
1923,1923,CARD,SUCCESS,1,2024-02-28
1924,1924,NETBANKING,SUCCESS,1,2024-02-23
1925,1925,NETBANKING,SUCCESS,1,2023-07-12
1926,1926,UPI,SUCCESS,1,2023-09-05
1927,1927,CARD,SUCCESS,1,2024-08-04
1928,1928,CARD,SUCCESS,1,2024-12-14
1929,1929,CARD,SUCCESS,1,2024-06-28
1930,1930,NETBANKING,SUCCESS,1,2023-07-09
1931,1931,CARD,SUCCESS,1,2023-06-14
1932,1932,NETBANKING,SUCCESS,1,2024-01-04
1933,1933,UPI,SUCCESS,1,2023-11-23
1934,1934,UPI,SUCCESS,1,2024-04-23
1935,1935,CARD,SUCCESS,1,2024-08-24
1936,1936,CARD,SUCCESS,1,2024-07-30
1937,1937,CARD,SUCCESS,1,2023-08-17
1938,1938,UPI,SUCCESS,1,2023-03-08
1939,1939,UPI,SUCCESS,1,2023-04-10
1940,1940,CARD,SUCCESS,1,2024-06-20
1941,1941,NETBANKING,SUCCESS,1,2024-09-14
1942,1942,UPI,SUCCESS,1,2023-12-13
1943,1943,CARD,SUCCESS,1,2023-05-14
1944,1944,UPI,SUCCESS,1,2024-12-02
1945,1945,CARD,SUCCESS,1,2023-03-19
1946,1946,UPI,SUCCESS,1,2023-07-18
1947,1947,CARD,SUCCESS,1,2024-05-30
1948,1948,CARD,SUCCESS,1,2024-11-21
1949,1949,CARD,FAILED,0,2024-06-07
1950,1950,UPI,SUCCESS,1,2024-07-26
1951,1951,NETBANKING,SUCCESS,1,2024-11-20
1952,1952,CARD,SUCCESS,1,2024-05-27
1953,1953,NETBANKING,SUCCESS,1,2023-10-02
1954,1954,NETBANKING,SUCCESS,1,2023-07-01
1955,1955,UPI,SUCCESS,1,2022-02-26
1956,1956,UPI,SUCCESS,1,2024-10-30
1957,1957,NETBANKING,SUCCESS,1,2024-09-02
1958,1958,CARD,SUCCESS,1,2024-10-18
1959,1959,NETBANKING,SUCCESS,1,2024-06-21
1960,1960,CARD,SUCCESS,1,2022-08-12
1961,1961,CARD,SUCCESS,1,2021-11-11
1962,1962,CARD,SUCCESS,1,2023-09-05
1963,1963,UPI,SUCCESS,1,2023-01-01
1964,1964,CARD,SUCCESS,1,2021-08-30
1965,1965,CARD,SUCCESS,1,2022-11-28
1966,1966,UPI,SUCCESS,1,2022-07-06
1967,1967,CARD,SUCCESS,1,2023-12-14
1968,1968,UPI,SUCCESS,1,2024-10-13
1969,1969,CARD,FAILED,0,2024-03-22
1970,1970,UPI,SUCCESS,1,2024-11-23
1971,1971,NETBANKING,SUCCESS,1,2024-03-17
1972,1972,NETBANKING,SUCCESS,1,2023-03-05
1973,1973,CARD,SUCCESS,1,2024-03-15
1974,1974,CARD,SUCCESS,1,2021-05-21
1975,1975,CARD,SUCCESS,1,2021-09-07
1976,1976,UPI,SUCCESS,1,2021-10-21
1977,1977,CARD,SUCCESS,1,2024-05-19
1978,1978,UPI,SUCCESS,1,2022-11-23
1979,1979,CARD,SUCCESS,1,2024-06-08
1980,1980,UPI,SUCCESS,1,2024-07-26
1981,1981,NETBANKING,SUCCESS,1,2023-04-02
1982,1982,CARD,SUCCESS,1,2023-04-01
1983,1983,UPI,SUCCESS,1,2024-11-10
1984,1984,CARD,SUCCESS,1,2024-02-08
1985,1985,UPI,SUCCESS,1,2024-01-13
1986,1986,NETBANKING,SUCCESS,1,2024-11-07
1987,1987,NETBANKING,SUCCESS,1,2023-09-13
1988,1988,NETBANKING,SUCCESS,1,2024-05-30
1989,1989,CARD,SUCCESS,1,2024-12-31
1990,1990,NETBANKING,SUCCESS,1,2024-12-25
1991,1991,NETBANKING,SUCCESS,1,2024-12-29
1992,1992,CARD,SUCCESS,1,2022-12-02
1993,1993,CARD,SUCCESS,1,2024-03-21
1994,1994,NETBANKING,SUCCESS,1,2023-08-28
1995,1995,NETBANKING,SUCCESS,1,2022-07-24
1996,1996,UPI,SUCCESS,1,2023-10-08
1997,1997,CARD,SUCCESS,1,2024-12-22
1998,1998,CARD,SUCCESS,1,2024-04-11
1999,1999,UPI,SUCCESS,1,2023-06-16
2000,2000,NETBANKING,SUCCESS,1,2023-05-21
2001,2001,NETBANKING,SUCCESS,1,2024-06-30
2002,2002,CARD,SUCCESS,1,2023-10-12
2003,2003,UPI,SUCCESS,1,2024-12-24
2004,2004,CARD,SUCCESS,1,2024-10-18
2005,2005,UPI,SUCCESS,1,2022-12-23
2006,2006,UPI,SUCCESS,1,2024-01-21
2007,2007,UPI,SUCCESS,1,2023-04-19
2008,2008,UPI,SUCCESS,1,2024-05-04
2009,2009,NETBANKING,SUCCESS,1,2023-11-23
2010,2010,CARD,SUCCESS,1,2022-07-19
2011,2011,NETBANKING,SUCCESS,1,2023-02-01
2012,2012,CARD,SUCCESS,1,2024-01-23
2013,2013,UPI,SUCCESS,1,2024-03-28
2014,2014,UPI,SUCCESS,1,2024-04-04
2015,2015,CARD,SUCCESS,1,2024-08-11
2016,2016,UPI,SUCCESS,1,2023-01-17
2017,2017,CARD,SUCCESS,1,2024-10-01
2018,2018,UPI,SUCCESS,1,2023-09-23
2019,2019,CARD,SUCCESS,1,2024-02-15
2020,2020,CARD,SUCCESS,1,2023-08-04
2021,2021,NETBANKING,SUCCESS,1,2024-06-21
2022,2022,UPI,SUCCESS,1,2023-05-25
2023,2023,UPI,SUCCESS,1,2022-08-15
2024,2024,UPI,SUCCESS,1,2023-02-07
2025,2025,NETBANKING,SUCCESS,1,2023-08-24
2026,2026,NETBANKING,SUCCESS,1,2023-07-26
2027,2027,CARD,SUCCESS,1,2024-04-05
2028,2028,UPI,SUCCESS,1,2024-04-25
2029,2029,NETBANKING,SUCCESS,1,2024-03-22
2030,2030,UPI,SUCCESS,1,2024-07-30
2031,2031,CARD,SUCCESS,1,2024-07-23
2032,2032,NETBANKING,SUCCESS,1,2024-08-12
2033,2033,NETBANKING,SUCCESS,1,2024-05-04
2034,2034,CARD,SUCCESS,1,2023-10-10
2035,2035,UPI,SUCCESS,1,2023-06-15
2036,2036,CARD,SUCCESS,1,2021-12-17
2037,2037,UPI,SUCCESS,1,2024-02-09
2038,2038,UPI,SUCCESS,1,2023-01-20
2039,2039,UPI,SUCCESS,1,2023-11-21
2040,2040,CARD,SUCCESS,1,2023-07-03
2041,2041,NETBANKING,SUCCESS,1,2023-09-23
2042,2042,UPI,SUCCESS,1,2022-12-20
2043,2043,CARD,SUCCESS,1,2024-05-31
2044,2044,UPI,SUCCESS,1,2023-07-24
2045,2045,UPI,SUCCESS,1,2024-11-08
2046,2046,CARD,SUCCESS,1,2024-11-09
2047,2047,CARD,SUCCESS,1,2024-12-18
2048,2048,NETBANKING,SUCCESS,1,2024-11-10
2049,2049,UPI,SUCCESS,1,2024-11-15
2050,2050,UPI,SUCCESS,1,2024-07-29
2051,2051,UPI,SUCCESS,1,2024-01-25
2052,2052,NETBANKING,FAILED,0,2023-11-26
2053,2053,NETBANKING,SUCCESS,1,2024-09-17
2054,2054,UPI,SUCCESS,1,2024-03-04
2055,2055,CARD,SUCCESS,1,2024-03-28
2056,2056,UPI,SUCCESS,1,2024-10-03
2057,2057,CARD,SUCCESS,1,2024-01-25
2058,2058,UPI,SUCCESS,1,2024-06-24
2059,2059,CARD,SUCCESS,1,2023-11-14
2060,2060,NETBANKING,SUCCESS,1,2023-11-27
2061,2061,UPI,SUCCESS,1,2021-10-17
2062,2062,NETBANKING,SUCCESS,1,2024-02-13
2063,2063,NETBANKING,SUCCESS,1,2024-11-25
2064,2064,UPI,FAILED,0,2024-01-31
2065,2065,UPI,SUCCESS,1,2023-11-20
2066,2066,CARD,SUCCESS,1,2024-12-05
2067,2067,CARD,SUCCESS,1,2023-09-24
2068,2068,UPI,SUCCESS,1,2024-04-22
2069,2069,CARD,SUCCESS,1,2023-09-12
2070,2070,UPI,SUCCESS,1,2024-12-05
2071,2071,NETBANKING,SUCCESS,1,2023-12-20
2072,2072,CARD,SUCCESS,1,2024-04-13
2073,2073,UPI,SUCCESS,1,2024-01-28
2074,2074,UPI,SUCCESS,1,2024-12-25
2075,2075,CARD,SUCCESS,1,2024-09-11
2076,2076,UPI,SUCCESS,1,2023-11-09
2077,2077,NETBANKING,SUCCESS,1,2024-06-17
2078,2078,NETBANKING,SUCCESS,1,2023-08-07
2079,2079,UPI,SUCCESS,1,2024-07-08
2080,2080,UPI,SUCCESS,1,2024-01-03
2081,2081,NETBANKING,SUCCESS,1,2024-12-15
2082,2082,UPI,SUCCESS,1,2024-12-10
2083,2083,UPI,SUCCESS,1,2024-12-09
2084,2084,UPI,SUCCESS,1,2022-12-01
2085,2085,CARD,SUCCESS,1,2024-05-13
2086,2086,NETBANKING,SUCCESS,1,2024-09-11
2087,2087,CARD,SUCCESS,1,2024-09-06
2088,2088,UPI,SUCCESS,1,2024-04-07
2089,2089,UPI,SUCCESS,1,2024-06-10
2090,2090,NETBANKING,SUCCESS,1,2023-01-07
2091,2091,UPI,SUCCESS,1,2024-10-10
2092,2092,CARD,SUCCESS,1,2024-05-04
2093,2093,CARD,SUCCESS,1,2024-06-21
2094,2094,CARD,SUCCESS,1,2023-11-09
2095,2095,NETBANKING,SUCCESS,1,2024-08-25
2096,2096,UPI,SUCCESS,1,2022-01-27
2097,2097,CARD,SUCCESS,1,2024-04-21
2098,2098,NETBANKING,SUCCESS,1,2024-02-26
2099,2099,CARD,SUCCESS,1,2023-05-06
2100,2100,UPI,SUCCESS,1,2024-08-10
2101,2101,CARD,SUCCESS,1,2022-09-13
2102,2102,NETBANKING,SUCCESS,1,2022-09-17
2103,2103,CARD,SUCCESS,1,2024-07-26
2104,2104,NETBANKING,SUCCESS,1,2023-04-08
2105,2105,CARD,SUCCESS,1,2023-11-16
2106,2106,CARD,SUCCESS,1,2024-10-15
2107,2107,NETBANKING,SUCCESS,1,2024-09-18
2108,2108,NETBANKING,SUCCESS,1,2024-11-15
2109,2109,UPI,SUCCESS,1,2024-03-22
2110,2110,NETBANKING,SUCCESS,1,2024-11-18
2111,2111,NETBANKING,SUCCESS,1,2024-08-20
2112,2112,UPI,SUCCESS,1,2022-09-28
2113,2113,NETBANKING,SUCCESS,1,2023-10-03
2114,2114,CARD,SUCCESS,1,2023-03-02
2115,2115,CARD,SUCCESS,1,2023-01-08
