user_id,full_name,email,city,signup_date
1,Rahul Patel,rahul.patel1@example.com,Mumbai,2022-07-18
2,Prem Verma,prem.verma2@example.com,Delhi,2021-07-29
3,Rahul Malhotra,rahul.malhotra3@example.com,Mumbai,2024-04-24
4,Rohit Shah,rohit.shah4@example.com,Mumbai,2021-07-11
5,Prem Verma,prem.verma5@example.com,Ahmedabad,2024-05-17
6,Parth Malhotra,parth.malhotra6@example.com,Delhi,2024-08-23
7,Pooja Malhotra,pooja.malhotra7@example.com,Pune,2022-03-28
8,Neha Iyer,neha.iyer8@example.com,Bangalore,2021-01-14
9,Sneha Mehta,sneha.mehta9@example.com,Rajkot,2023-05-16
10,Amit Singh,amit.singh10@example.com,Delhi,2022-03-17
11,Sneha Joshi,sneha.joshi11@example.com,Mumbai,2021-07-09
12,Rohit Patel,rohit.patel12@example.com,Bangalore,2022-12-06
13,Ankit Singh,ankit.singh13@example.com,Surat,2021-03-30
14,Pooja Gupta,pooja.gupta14@example.com,Ahmedabad,2021-09-13
15,Nikita Desai,nikita.desai15@example.com,Mumbai,2024-02-05
16,Vaibhav Iyer,vaibhav.iyer16@example.com,Surat,2023-01-11
17,Ankit Verma,ankit.verma17@example.com,Rajkot,2021-05-23
18,Parth Verma,parth.verma18@example.com,Surat,2022-08-16
19,Kaushik Verma,kaushik.verma19@example.com,Surat,2021-07-26
20,Rohit Singh,rohit.singh20@example.com,Pune,2024-07-25
21,Karan Joshi,karan.joshi21@example.com,Delhi,2023-01-29
22,Amit Verma,amit.verma22@example.com,Rajkot,2022-07-01
23,Pooja Patel,pooja.patel23@example.com,Ahmedabad,2024-07-24
24,Kerav Malhotra,kerav.malhotra24@example.com,Rajkot,2022-05-17
25,Kerav Gupta,kerav.gupta25@example.com,Pune,2022-07-07
26,Nikita Malhotra,nikita.malhotra26@example.com,Delhi,2024-11-03
27,Amit Shah,amit.shah27@example.com,Delhi,2021-03-07
28,Sneha Joshi,sneha.joshi28@example.com,Pune,2022-07-03
29,Kaushik Verma,kaushik.verma29@example.com,Ahmedabad,2022-10-07
30,Prem Gupta,prem.gupta30@example.com,Pune,2024-08-09
31,Neha Mehta,neha.mehta31@example.com,Bangalore,2021-10-13
32,Prem Malhotra,prem.malhotra32@example.com,Ahmedabad,2022-06-23
33,Pooja Iyer,pooja.iyer33@example.com,Pune,2024-04-10
34,Rohit Joshi,rohit.joshi34@example.com,Delhi,2021-10-11
35,Priya Gupta,priya.gupta35@example.com,Mumbai,2021-04-07
36,Karan Patel,karan.patel36@example.com,Delhi,2024-07-09
37,Kerav Desai,kerav.desai37@example.com,Ahmedabad,2021-05-11
38,Rohit Desai,rohit.desai38@example.com,Ahmedabad,2023-08-17
39,Priya Singh,priya.singh39@example.com,Ahmedabad,2021-01-24
40,Rahul Patel,rahul.patel40@example.com,Rajkot,2024-01-05
41,Sneha Singh,sneha.singh41@example.com,Surat,2024-08-05
42,Amit Patel,amit.patel42@example.com,Bangalore,2023-06-10
43,Kerav Gupta,kerav.gupta43@example.com,Mumbai,2022-06-24
44,Priya Mehta,priya.mehta44@example.com,Ahmedabad,2021-08-06
45,Karan Singh,karan.singh45@example.com,Surat,2024-08-01
46,Priya Iyer,priya.iyer46@example.com,Delhi,2021-11-10
47,Amit Mehta,amit.mehta47@example.com,Ahmedabad,2023-12-23
48,Nikita Shah,nikita.shah48@example.com,Ahmedabad,2022-10-26
49,Neha Shah,neha.shah49@example.com,Mumbai,2023-01-14
50,Nikita Singh,nikita.singh50@example.com,Delhi,2021-04-29
51,Prem Iyer,prem.iyer51@example.com,Mumbai,2021-06-25
52,Pooja Gupta,pooja.gupta52@example.com,Surat,2021-05-22
53,Sneha Malhotra,sneha.malhotra53@example.com,Surat,2021-09-15
54,Kerav Gupta,kerav.gupta54@example.com,Ahmedabad,2021-12-05
55,Vaibhav Malhotra,vaibhav.malhotra55@example.com,Surat,2024-05-27
56,Rohit Verma,rohit.verma56@example.com,Ahmedabad,2024-11-13
57,Prem Singh,prem.singh57@example.com,Pune,2024-10-07
58,Rahul Joshi,rahul.joshi58@example.com,Pune,2023-11-26
59,Neha Patel,neha.patel59@example.com,Delhi,2022-04-06
60,Kaushik Joshi,kaushik.joshi60@example.com,Mumbai,2024-04-19
61,Priya Verma,priya.verma61@example.com,Ahmedabad,2022-03-28
62,Parth Patel,parth.patel62@example.com,Rajkot,2024-07-16
63,Parth Verma,parth.verma63@example.com,Mumbai,2021-03-06
64,Karan Joshi,karan.joshi64@example.com,Mumbai,2023-11-19
65,Prem Singh,prem.singh65@example.com,Rajkot,2023-09-22
66,Prem Malhotra,prem.malhotra66@example.com,Delhi,2024-03-15
67,Ankit Gupta,ankit.gupta67@example.com,Delhi,2023-08-27
68,Sneha Desai,sneha.desai68@example.com,Delhi,2021-07-13
69,Kaushik Desai,kaushik.desai69@example.com,Bangalore,2023-05-18
70,Rohit Gupta,rohit.gupta70@example.com,Surat,2021-04-21
71,Rahul Patel,rahul.patel71@example.com,Mumbai,2023-04-05
72,Pooja Joshi,pooja.joshi72@example.com,Surat,2021-08-12
73,Prem Verma,prem.verma73@example.com,Delhi,2024-01-04
74,Neha Mehta,neha.mehta74@example.com,Pune,2022-01-11
75,Vaibhav Gupta,vaibhav.gupta75@example.com,Delhi,2021-06-04
76,Neha Malhotra,neha.malhotra76@example.com,Mumbai,2021-04-14
77,Rahul Malhotra,rahul.malhotra77@example.com,Surat,2021-01-31
78,Kaushik Verma,kaushik.verma78@example.com,Delhi,2023-04-13
79,Neha Gupta,neha.gupta79@example.com,Delhi,2023-04-02
80,Nikita Shah,nikita.shah80@example.com,Delhi,2023-02-16
81,Parth Desai,parth.desai81@example.com,Bangalore,2023-07-21
82,Vaibhav Desai,vaibhav.desai82@example.com,Rajkot,2024-02-13
83,Rahul Gupta,rahul.gupta83@example.com,Delhi,2022-01-24
84,Vaibhav Verma,vaibhav.verma84@example.com,Mumbai,2024-04-01
85,Pooja Malhotra,pooja.malhotra85@example.com,Mumbai,2022-10-05
86,Parth Shah,parth.shah86@example.com,Ahmedabad,2023-09-04
87,Priya Malhotra,priya.malhotra87@example.com,Delhi,2021-04-27
88,Priya Patel,priya.patel88@example.com,Surat,2022-01-16
89,Kaushik Iyer,kaushik.iyer89@example.com,Mumbai,2024-10-14
90,Karan Verma,karan.verma90@example.com,Pune,2021-09-03
91,Nikita Iyer,nikita.iyer91@example.com,Delhi,2024-03-31
92,Ankit Shah,ankit.shah92@example.com,Ahmedabad,2021-06-17
93,Rohit Iyer,rohit.iyer93@example.com,Ahmedabad,2023-12-07
94,Amit Singh,amit.singh94@example.com,Delhi,2024-10-03
95,Pooja Joshi,pooja.joshi95@example.com,Delhi,2022-06-28
96,Rohit Mehta,rohit.mehta96@example.com,Rajkot,2024-08-14
97,Vaibhav Gupta,vaibhav.gupta97@example.com,Bangalore,2021-05-29
98,Parth Gupta,parth.gupta98@example.com,Ahmedabad,2024-02-28
99,Kaushik Patel,kaushik.patel99@example.com,Ahmedabad,2022-03-13
100,Priya Singh,priya.singh100@example.com,Delhi,2022-12-16
101,Nikita Patel,nikita.patel101@example.com,Delhi,2023-01-27
102,Vaibhav Mehta,vaibhav.mehta102@example.com,Pune,2024-01-18
103,Pooja Singh,pooja.singh103@example.com,Ahmedabad,2024-09-01
104,Priya Shah,priya.shah104@example.com,Rajkot,2024-02-10
105,Vaibhav Patel,vaibhav.patel105@example.com,Delhi,2022-06-26
106,Kaushik Patel,kaushik.patel106@example.com,Rajkot,2024-02-08
107,Kerav Singh,kerav.singh107@example.com,Bangalore,2024-05-23
108,Prem Joshi,prem.joshi108@example.com,Delhi,2024-11-08
109,Rahul Singh,rahul.singh109@example.com,Ahmedabad,2023-09-28
110,Vaibhav Shah,vaibhav.shah110@example.com,Mumbai,2024-07-23
111,Rohit Singh,rohit.singh111@example.com,Mumbai,2021-01-08
112,Amit Mehta,amit.mehta112@example.com,Rajkot,2022-06-21
113,Kerav Gupta,kerav.gupta113@example.com,Ahmedabad,2024-12-16
114,Rohit Malhotra,rohit.malhotra114@example.com,Mumbai,2021-08-18
115,Kaushik Mehta,kaushik.mehta115@example.com,Ahmedabad,2021-03-15
116,Karan Joshi,karan.joshi116@example.com,Ahmedabad,2024-02-06
117,Kerav Desai,kerav.desai117@example.com,Delhi,2021-03-27
118,Vaibhav Joshi,vaibhav.joshi118@example.com,Surat,2021-03-23
119,Nikita Joshi,nikita.joshi119@example.com,Delhi,2024-10-28
120,Prem Patel,prem.patel120@example.com,Bangalore,2024-02-21
121,Nikita Desai,nikita.desai121@example.com,Ahmedabad,2021-11-13
122,Nikita Verma,nikita.verma122@example.com,Surat,2021-11-29
123,Sneha Mehta,sneha.mehta123@example.com,Pune,2021-02-20
124,Kerav Joshi,kerav.joshi124@example.com,Surat,2023-04-24
125,Sneha Verma,sneha.verma125@example.com,Bangalore,2021-11-23
126,Sneha Patel,sneha.patel126@example.com,Pune,2021-03-21
127,Karan Gupta,karan.gupta127@example.com,Delhi,2022-02-13
128,Karan Gupta,karan.gupta128@example.com,Bangalore,2022-09-18
129,Karan Verma,karan.verma129@example.com,Delhi,2021-02-18
130,Rahul Verma,rahul.verma130@example.com,Pune,2022-11-04
131,Vaibhav Patel,vaibhav.patel131@example.com,Surat,2022-07-26
132,Amit Malhotra,amit.malhotra132@example.com,Pune,2024-10-23
133,Karan Malhotra,karan.malhotra133@example.com,Bangalore,2021-02-26
134,Kaushik Singh,kaushik.singh134@example.com,Delhi,2024-04-04
135,Vaibhav Shah,vaibhav.shah135@example.com,Mumbai,2024-05-06
136,Rohit Joshi,rohit.joshi136@example.com,Rajkot,2022-10-05
137,Rohit Iyer,rohit.iyer137@example.com,Ahmedabad,2021-08-25
138,Rohit Iyer,rohit.iyer138@example.com,Delhi,2022-06-06
139,Parth Desai,parth.desai139@example.com,Mumbai,2023-12-01
140,Nikita Malhotra,nikita.malhotra140@example.com,Rajkot,2024-10-05
141,Prem Joshi,prem.joshi141@example.com,Pune,2021-05-24
142,Rahul Joshi,rahul.joshi142@example.com,Ahmedabad,2022-10-05
143,Rahul Patel,rahul.patel143@example.com,Rajkot,2022-09-08
144,Priya Singh,priya.singh144@example.com,Rajkot,2023-04-17
145,Amit Desai,amit.desai145@example.com,Rajkot,2022-08-29
146,Priya Mehta,priya.mehta146@example.com,Delhi,2023-05-12
147,Rahul Desai,rahul.desai147@example.com,Rajkot,2021-12-23
148,Ankit Iyer,ankit.iyer148@example.com,Bangalore,2023-04-12
149,Priya Shah,priya.shah149@example.com,Bangalore,2022-08-11
150,Prem Desai,prem.desai150@example.com,Surat,2024-04-02
151,Ankit Joshi,ankit.joshi151@example.com,Pune,2023-06-24
152,Neha Verma,neha.verma152@example.com,Ahmedabad,2023-08-28
153,Sneha Mehta,sneha.mehta153@example.com,Rajkot,2021-06-23
154,Vaibhav Malhotra,vaibhav.malhotra154@example.com,Rajkot,2024-07-20
155,Ankit Joshi,ankit.joshi155@example.com,Mumbai,2022-04-27
156,Rahul Singh,rahul.singh156@example.com,Delhi,2022-02-12
157,Kerav Shah,kerav.shah157@example.com,Mumbai,2022-05-17
158,Neha Iyer,neha.iyer158@example.com,Surat,2021-05-30
159,Neha Desai,neha.desai159@example.com,Rajkot,2024-03-24
160,Prem Desai,prem.desai160@example.com,Pune,2023-03-30
161,Prem Mehta,prem.mehta161@example.com,Rajkot,2024-11-09
162,Parth Patel,parth.patel162@example.com,Surat,2023-05-21
163,Prem Mehta,prem.mehta163@example.com,Surat,2024-11-26
164,Priya Gupta,priya.gupta164@example.com,Mumbai,2024-02-16
165,Prem Patel,prem.patel165@example.com,Pune,2021-10-01
166,Sneha Gupta,sneha.gupta166@example.com,Rajkot,2023-12-24
167,Priya Iyer,priya.iyer167@example.com,Bangalore,2023-06-26
168,Ankit Malhotra,ankit.malhotra168@example.com,Pune,2024-01-28
169,Neha Mehta,neha.mehta169@example.com,Rajkot,2023-08-31
170,Neha Singh,neha.singh170@example.com,Surat,2022-05-22
171,Karan Singh,karan.singh171@example.com,Surat,2023-12-04
172,Neha Verma,neha.verma172@example.com,Bangalore,2023-06-20
173,Kaushik Singh,kaushik.singh173@example.com,Delhi,2022-07-11
174,Amit Joshi,amit.joshi174@example.com,Ahmedabad,2021-06-15
175,Kerav Mehta,kerav.mehta175@example.com,Delhi,2023-02-24
176,Pooja Mehta,pooja.mehta176@example.com,Rajkot,2022-03-15
177,Kaushik Desai,kaushik.desai177@example.com,Pune,2022-11-09
178,Priya Gupta,priya.gupta178@example.com,Pune,2021-05-08
179,Prem Desai,prem.desai179@example.com,Pune,2024-04-11
180,Pooja Shah,pooja.shah180@example.com,Surat,2024-03-25
181,Rohit Gupta,rohit.gupta181@example.com,Mumbai,2022-12-22
182,Vaibhav Desai,vaibhav.desai182@example.com,Surat,2023-05-09
183,Priya Malhotra,priya.malhotra183@example.com,Surat,2024-05-20
184,Nikita Verma,nikita.verma184@example.com,Pune,2022-03-26
185,Vaibhav Desai,vaibhav.desai185@example.com,Pune,2021-03-01
186,Rohit Joshi,rohit.joshi186@example.com,Rajkot,2024-10-22
187,Sneha Desai,sneha.desai187@example.com,Rajkot,2021-12-05
188,Karan Gupta,karan.gupta188@example.com,Delhi,2024-06-28
189,Priya Shah,priya.shah189@example.com,Pune,2024-04-27
190,Ankit Shah,ankit.shah190@example.com,Mumbai,2024-08-09
191,Rohit Mehta,rohit.mehta191@example.com,Surat,2023-08-04
192,Kerav Shah,kerav.shah192@example.com,Bangalore,2023-02-16
193,Amit Verma,amit.verma193@example.com,Pune,2022-11-01
194,Amit Desai,amit.desai194@example.com,Bangalore,2023-05-14
195,Vaibhav Patel,vaibhav.patel195@example.com,Pune,2021-02-09
196,Pooja Malhotra,pooja.malhotra196@example.com,Mumbai,2022-12-18
197,Prem Patel,prem.patel197@example.com,Surat,2024-08-27
198,Parth Shah,parth.shah198@example.com,Delhi,2022-02-13
199,Karan Shah,karan.shah199@example.com,Ahmedabad,2021-11-09
200,Prem Mehta,prem.mehta200@example.com,Pune,2024-10-03
201,Kaushik Iyer,kaushik.iyer201@example.com,Delhi,2023-08-11
202,Pooja Singh,pooja.singh202@example.com,Surat,2023-01-26
203,Kerav Iyer,kerav.iyer203@example.com,Ahmedabad,2021-08-23
204,Sneha Mehta,sneha.mehta204@example.com,Bangalore,2021-08-10
205,Ankit Shah,ankit.shah205@example.com,Bangalore,2024-03-25
206,Rahul Desai,rahul.desai206@example.com,Pune,2022-02-11
207,Kaushik Iyer,kaushik.iyer207@example.com,Rajkot,2024-07-08
208,Prem Patel,prem.patel208@example.com,Rajkot,2022-09-10
209,Karan Iyer,karan.iyer209@example.com,Surat,2021-09-05
210,Sneha Iyer,sneha.iyer210@example.com,Surat,2021-03-26
211,Amit Malhotra,amit.malhotra211@example.com,Pune,2024-09-16
212,Amit Patel,amit.patel212@example.com,Ahmedabad,2024-08-19
213,Amit Shah,amit.shah213@example.com,Surat,2023-05-11
214,Karan Gupta,karan.gupta214@example.com,Mumbai,2023-06-07
215,Amit Gupta,amit.gupta215@example.com,Rajkot,2021-11-10
216,Rohit Mehta,rohit.mehta216@example.com,Rajkot,2023-12-05
217,Rahul Singh,rahul.singh217@example.com,Ahmedabad,2024-01-08
218,Sneha Gupta,sneha.gupta218@example.com,Pune,2023-06-12
219,Karan Iyer,karan.iyer219@example.com,Bangalore,2022-10-23
220,Karan Verma,karan.verma220@example.com,Surat,2021-06-27
221,Vaibhav Gupta,vaibhav.gupta221@example.com,Delhi,2023-08-10
222,Ankit Iyer,ankit.iyer222@example.com,Rajkot,2023-02-16
223,Amit Shah,amit.shah223@example.com,Pune,2022-10-28
224,Kerav Gupta,kerav.gupta224@example.com,Delhi,2022-12-28
225,Sneha Singh,sneha.singh225@example.com,Bangalore,2022-07-27
226,Nikita Iyer,nikita.iyer226@example.com,Rajkot,2022-07-20
227,Priya Shah,priya.shah227@example.com,Ahmedabad,2022-01-27
228,Kaushik Verma,kaushik.verma228@example.com,Rajkot,2023-04-13
229,Neha Malhotra,neha.malhotra229@example.com,Surat,2022-05-08
230,Pooja Gupta,pooja.gupta230@example.com,Rajkot,2024-12-28
231,Neha Gupta,neha.gupta231@example.com,Surat,2021-02-05
232,Kaushik Singh,kaushik.singh232@example.com,Delhi,2023-04-09
233,Pooja Verma,pooja.verma233@example.com,Bangalore,2024-09-21
234,Ankit Joshi,ankit.joshi234@example.com,Pune,2024-02-08
235,Priya Joshi,priya.joshi235@example.com,Pune,2024-02-02
236,Amit Joshi,amit.joshi236@example.com,Rajkot,2023-07-19
237,Vaibhav Singh,vaibhav.singh237@example.com,Bangalore,2022-04-18
238,Kaushik Verma,kaushik.verma238@example.com,Bangalore,2021-09-02
239,Pooja Malhotra,pooja.malhotra239@example.com,Surat,2024-11-14
240,Kerav Verma,kerav.verma240@example.com,Delhi,2023-09-19
241,Vaibhav Iyer,vaibhav.iyer241@example.com,Surat,2023-12-11
242,Ankit Singh,ankit.singh242@example.com,Mumbai,2022-02-02
243,Vaibhav Verma,vaibhav.verma243@example.com,Bangalore,2022-01-03
244,Vaibhav Shah,vaibhav.shah244@example.com,Rajkot,2023-12-30
245,Kerav Singh,kerav.singh245@example.com,Mumbai,2021-04-22
246,Priya Singh,priya.singh246@example.com,Rajkot,2021-09-16
247,Rahul Gupta,rahul.gupta247@example.com,Mumbai,2021-01-26
248,Ankit Singh,ankit.singh248@example.com,Pune,2023-09-08
249,Neha Joshi,neha.joshi249@example.com,Delhi,2021-04-16
250,Vaibhav Gupta,vaibhav.gupta250@example.com,Mumbai,2021-05-14
251,Rohit Gupta,rohit.gupta251@example.com,Mumbai,2024-03-27
252,Rahul Shah,rahul.shah252@example.com,Delhi,2021-11-02
253,Sneha Iyer,sneha.iyer253@example.com,Bangalore,2021-06-24
254,Prem Patel,prem.patel254@example.com,Ahmedabad,2023-05-03
255,Ankit Iyer,ankit.iyer255@example.com,Surat,2024-06-20
256,Prem Malhotra,prem.malhotra256@example.com,Pune,2023-07-12
257,Nikita Gupta,nikita.gupta257@example.com,Bangalore,2024-04-20
258,Rohit Singh,rohit.singh258@example.com,Ahmedabad,2024-06-25
259,Parth Iyer,parth.iyer259@example.com,Rajkot,2021-07-23
260,Sneha Verma,sneha.verma260@example.com,Rajkot,2022-03-09
261,Vaibhav Patel,vaibhav.patel261@example.com,Delhi,2022-05-07
262,Kerav Malhotra,kerav.malhotra262@example.com,Mumbai,2021-11-17
263,Parth Desai,parth.desai263@example.com,Pune,2024-11-12
264,Ankit Gupta,ankit.gupta264@example.com,Bangalore,2021-03-08
265,Prem Singh,prem.singh265@example.com,Rajkot,2022-08-03
266,Pooja Gupta,pooja.gupta266@example.com,Mumbai,2024-11-08
267,Prem Singh,prem.singh267@example.com,Surat,2024-07-04
268,Ankit Verma,ankit.verma268@example.com,Pune,2021-08-24
269,Priya Verma,priya.verma269@example.com,Rajkot,2021-11-02
270,Nikita Singh,nikita.singh270@example.com,Surat,2021-10-19
271,Kaushik Shah,kaushik.shah271@example.com,Delhi,2022-09-22
272,Ankit Iyer,ankit.iyer272@example.com,Bangalore,2023-06-19
273,Kaushik Gupta,kaushik.gupta273@example.com,Rajkot,2022-09-15
274,Pooja Desai,pooja.desai274@example.com,Bangalore,2023-10-22
275,Priya Gupta,priya.gupta275@example.com,Pune,2021-06-14
276,Ankit Shah,ankit.shah276@example.com,Pune,2022-10-23
277,Ankit Singh,ankit.singh277@example.com,Mumbai,2021-07-07
278,Prem Iyer,prem.iyer278@example.com,Ahmedabad,2021-02-12
279,Sneha Singh,sneha.singh279@example.com,Ahmedabad,2021-03-24
280,Sneha Mehta,sneha.mehta280@example.com,Pune,2023-11-29
281,Rahul Gupta,rahul.gupta281@example.com,Bangalore,2022-01-07
282,Ankit Desai,ankit.desai282@example.com,Rajkot,2023-10-05
283,Kaushik Gupta,kaushik.gupta283@example.com,Bangalore,2023-04-17
284,Amit Joshi,amit.joshi284@example.com,Rajkot,2021-08-03
285,Karan Mehta,karan.mehta285@example.com,Bangalore,2023-04-24
286,Pooja Gupta,pooja.gupta286@example.com,Bangalore,2024-09-18
287,Rohit Malhotra,rohit.malhotra287@example.com,Mumbai,2023-07-21
288,Kaushik Joshi,kaushik.joshi288@example.com,Bangalore,2022-10-25
289,Kaushik Desai,kaushik.desai289@example.com,Surat,2023-11-20
290,Karan Shah,karan.shah290@example.com,Rajkot,2024-01-17
291,Neha Desai,neha.desai291@example.com,Mumbai,2022-01-20
292,Priya Joshi,priya.joshi292@example.com,Ahmedabad,2023-10-18
293,Rahul Gupta,rahul.gupta293@example.com,Surat,2021-04-16
294,Prem Singh,prem.singh294@example.com,Ahmedabad,2021-09-26
295,Nikita Singh,nikita.singh295@example.com,Pune,2024-12-01
296,Neha Patel,neha.patel296@example.com,Mumbai,2024-07-14
297,Ankit Verma,ankit.verma297@example.com,Rajkot,2021-11-21
298,Vaibhav Malhotra,vaibhav.malhotra298@example.com,Mumbai,2024-02-06
299,Rohit Patel,rohit.patel299@example.com,Delhi,2021-08-21
300,Neha Patel,neha.patel300@example.com,Rajkot,2021-11-12
301,Neha Singh,neha.singh301@example.com,Ahmedabad,2024-12-15
302,Vaibhav Desai,vaibhav.desai302@example.com,Surat,2023-09-16
303,Neha Verma,neha.verma303@example.com,Pune,2024-02-03
304,Kerav Desai,kerav.desai304@example.com,Delhi,2024-05-12
305,Priya Mehta,priya.mehta305@example.com,Surat,2021-05-23
306,Vaibhav Desai,vaibhav.desai306@example.com,Bangalore,2023-11-06
307,Vaibhav Shah,vaibhav.shah307@example.com,Bangalore,2022-09-04
308,Karan Iyer,karan.iyer308@example.com,Ahmedabad,2024-09-13
309,Neha Mehta,neha.mehta309@example.com,Pune,2024-01-09
310,Neha Joshi,neha.joshi310@example.com,Bangalore,2024-02-05
311,Sneha Malhotra,sneha.malhotra311@example.com,Pune,2023-07-22
312,Nikita Joshi,nikita.joshi312@example.com,Surat,2022-01-22
313,Pooja Verma,pooja.verma313@example.com,Ahmedabad,2023-02-24
314,Prem Desai,prem.desai314@example.com,Mumbai,2022-10-14
315,Pooja Gupta,pooja.gupta315@example.com,Rajkot,2023-02-20
316,Rohit Mehta,rohit.mehta316@example.com,Pune,2021-03-17
317,Kerav Malhotra,kerav.malhotra317@example.com,Ahmedabad,2022-11-11
318,Karan Patel,karan.patel318@example.com,Surat,2023-06-21
319,Kaushik Malhotra,kaushik.malhotra319@example.com,Pune,2021-02-01
320,Pooja Mehta,pooja.mehta320@example.com,Pune,2024-09-02
321,Kerav Patel,kerav.patel321@example.com,Pune,2022-06-27
322,Amit Iyer,amit.iyer322@example.com,Rajkot,2023-03-26
323,Rahul Patel,rahul.patel323@example.com,Surat,2022-11-04
324,Karan Malhotra,karan.malhotra324@example.com,Pune,2022-10-11
325,Rahul Gupta,rahul.gupta325@example.com,Surat,2024-01-14
326,Parth Iyer,parth.iyer326@example.com,Mumbai,2022-04-26
327,Rahul Singh,rahul.singh327@example.com,Delhi,2021-07-05
328,Rohit Patel,rohit.patel328@example.com,Surat,2024-07-21
329,Pooja Patel,pooja.patel329@example.com,Pune,2021-12-07
330,Pooja Singh,pooja.singh330@example.com,Mumbai,2021-04-05
331,Amit Shah,amit.shah331@example.com,Bangalore,2023-01-05
332,Amit Desai,amit.desai332@example.com,Delhi,2022-05-16
333,Priya Desai,priya.desai333@example.com,Ahmedabad,2024-10-28
334,Sneha Mehta,sneha.mehta334@example.com,Delhi,2021-12-25
335,Kaushik Iyer,kaushik.iyer335@example.com,Surat,2023-02-23
336,Ankit Verma,ankit.verma336@example.com,Pune,2024-04-09
337,Kerav Verma,kerav.verma337@example.com,Pune,2024-07-30
338,Vaibhav Gupta,vaibhav.gupta338@example.com,Bangalore,2024-09-27
339,Parth Gupta,parth.gupta339@example.com,Bangalore,2024-10-19
340,Priya Mehta,priya.mehta340@example.com,Mumbai,2023-06-24
341,Amit Iyer,amit.iyer341@example.com,Bangalore,2024-08-01
342,Rohit Singh,rohit.singh342@example.com,Pune,2022-09-11
343,Prem Desai,prem.desai343@example.com,Surat,2023-09-17
344,Kaushik Verma,kaushik.verma344@example.com,Pune,2024-03-17
345,Amit Iyer,amit.iyer345@example.com,Bangalore,2024-12-03
346,Vaibhav Shah,vaibhav.shah346@example.com,Surat,2024-09-10
347,Rohit Singh,rohit.singh347@example.com,Mumbai,2024-03-05
348,Karan Shah,karan.shah348@example.com,Ahmedabad,2023-10-15
349,Karan Singh,karan.singh349@example.com,Surat,2022-04-17
350,Ankit Joshi,ankit.joshi350@example.com,Delhi,2024-07-27
351,Prem Iyer,prem.iyer351@example.com,Bangalore,2024-10-20
352,Sneha Mehta,sneha.mehta352@example.com,Rajkot,2021-07-18
353,Nikita Shah,nikita.shah353@example.com,Bangalore,2023-06-22
354,Parth Iyer,parth.iyer354@example.com,Bangalore,2021-09-27
355,Kaushik Singh,kaushik.singh355@example.com,Bangalore,2023-05-01
356,Kerav Verma,kerav.verma356@example.com,Delhi,2024-01-10
357,Nikita Joshi,nikita.joshi357@example.com,Ahmedabad,2023-10-25
358,Nikita Singh,nikita.singh358@example.com,Surat,2021-12-03
359,Vaibhav Gupta,vaibhav.gupta359@example.com,Surat,2022-08-28
360,Pooja Joshi,pooja.joshi360@example.com,Surat,2021-08-24
361,Neha Patel,neha.patel361@example.com,Delhi,2022-04-08
362,Karan Desai,karan.desai362@example.com,Surat,2024-02-16
363,Amit Patel,amit.patel363@example.com,Surat,2023-03-20
364,Parth Singh,parth.singh364@example.com,Ahmedabad,2021-09-11
365,Neha Joshi,neha.joshi365@example.com,Rajkot,2024-10-08
366,Vaibhav Iyer,vaibhav.iyer366@example.com,Pune,2024-07-31
367,Amit Patel,amit.patel367@example.com,Rajkot,2022-04-24
368,Neha Shah,neha.shah368@example.com,Ahmedabad,2024-02-24
369,Amit Iyer,amit.iyer369@example.com,Delhi,2024-08-19
370,Kaushik Gupta,kaushik.gupta370@example.com,Rajkot,2022-09-11
371,Rahul Desai,rahul.desai371@example.com,Mumbai,2021-10-14
372,Parth Shah,parth.shah372@example.com,Bangalore,2023-10-06
373,Kaushik Patel,kaushik.patel373@example.com,Delhi,2024-01-06
374,Kerav Desai,kerav.desai374@example.com,Pune,2023-01-30
375,Rahul Malhotra,rahul.malhotra375@example.com,Pune,2024-04-17
376,Pooja Mehta,pooja.mehta376@example.com,Pune,2024-09-03
377,Kaushik Gupta,kaushik.gupta377@example.com,Ahmedabad,2023-04-16
378,Vaibhav Shah,vaibhav.shah378@example.com,Rajkot,2023-01-29
379,Prem Gupta,prem.gupta379@example.com,Pune,2022-04-29
380,Karan Joshi,karan.joshi380@example.com,Mumbai,2024-11-05
381,Amit Malhotra,amit.malhotra381@example.com,Rajkot,2023-01-05
382,Parth Desai,parth.desai382@example.com,Bangalore,2022-01-24
383,Kaushik Gupta,kaushik.gupta383@example.com,Mumbai,2024-09-19
384,Prem Iyer,prem.iyer384@example.com,Mumbai,2021-04-14
385,Sneha Joshi,sneha.joshi385@example.com,Delhi,2021-09-15
386,Sneha Iyer,sneha.iyer386@example.com,Delhi,2021-05-21
387,Karan Malhotra,karan.malhotra387@example.com,Delhi,2024-04-15
388,Prem Verma,prem.verma388@example.com,Bangalore,2021-10-30
389,Sneha Iyer,sneha.iyer389@example.com,Mumbai,2022-07-22
390,Karan Mehta,karan.mehta390@example.com,Delhi,2024-01-12
391,Vaibhav Mehta,vaibhav.mehta391@example.com,Mumbai,2024-09-15
392,Karan Shah,karan.shah392@example.com,Delhi,2021-01-31
393,Amit Verma,amit.verma393@example.com,Ahmedabad,2022-10-26
394,Parth Mehta,parth.mehta394@example.com,Bangalore,2021-04-18
395,Kerav Desai,kerav.desai395@example.com,Ahmedabad,2021-08-21
396,Pooja Patel,pooja.patel396@example.com,Pune,2023-07-08
397,Sneha Joshi,sneha.joshi397@example.com,Ahmedabad,2024-04-30
398,Kaushik Gupta,kaushik.gupta398@example.com,Ahmedabad,2022-03-30
399,Ankit Shah,ankit.shah399@example.com,Rajkot,2024-09-11
400,Priya Singh,priya.singh400@example.com,Pune,2024-08-10
401,Parth Shah,parth.shah401@example.com,Pune,2023-04-03
402,Rohit Patel,rohit.patel402@example.com,Pune,2024-12-29
403,Nikita Gupta,nikita.gupta403@example.com,Mumbai,2021-06-15
404,Amit Iyer,amit.iyer404@example.com,Delhi,2021-05-15
405,Kerav Singh,kerav.singh405@example.com,Ahmedabad,2024-07-20
406,Ankit Malhotra,ankit.malhotra406@example.com,Rajkot,2022-10-28
407,Rohit Iyer,rohit.iyer407@example.com,Ahmedabad,2022-08-27
408,Neha Malhotra,neha.malhotra408@example.com,Ahmedabad,2023-06-01
409,Kaushik Patel,kaushik.patel409@example.com,Surat,2024-09-02
410,Rahul Malhotra,rahul.malhotra410@example.com,Rajkot,2022-03-17
411,Rohit Gupta,rohit.gupta411@example.com,Delhi,2023-04-28
412,Amit Gupta,amit.gupta412@example.com,Pune,2023-05-02
413,Pooja Patel,pooja.patel413@example.com,Bangalore,2023-05-25
414,Amit Singh,amit.singh414@example.com,Bangalore,2021-11-09
415,Rahul Gupta,rahul.gupta415@example.com,Mumbai,2021-07-06
416,Karan Patel,karan.patel416@example.com,Mumbai,2023-06-04
417,Kaushik Joshi,kaushik.joshi417@example.com,Surat,2021-09-24
418,Priya Shah,priya.shah418@example.com,Ahmedabad,2024-02-25
419,Priya Joshi,priya.joshi419@example.com,Rajkot,2021-09-08
420,Rohit Joshi,rohit.joshi420@example.com,Surat,2024-09-24
421,Sneha Desai,sneha.desai421@example.com,Surat,2021-04-16
422,Vaibhav Iyer,vaibhav.iyer422@example.com,Bangalore,2022-12-22
423,Kaushik Iyer,kaushik.iyer423@example.com,Ahmedabad,2022-03-12
424,Kerav Gupta,kerav.gupta424@example.com,Delhi,2021-08-10
425,Amit Malhotra,amit.malhotra425@example.com,Bangalore,2021-08-24
426,Sneha Singh,sneha.singh426@example.com,Ahmedabad,2022-04-09
427,Sneha Desai,sneha.desai427@example.com,Surat,2024-02-23
428,Sneha Iyer,sneha.iyer428@example.com,Ahmedabad,2024-10-14
429,Rahul Malhotra,rahul.malhotra429@example.com,Mumbai,2024-06-01
430,Nikita Singh,nikita.singh430@example.com,Mumbai,2022-01-05
431,Vaibhav Singh,vaibhav.singh431@example.com,Bangalore,2022-12-20
432,Parth Mehta,parth.mehta432@example.com,Surat,2021-10-21
433,Ankit Desai,ankit.desai433@example.com,Mumbai,2021-10-18
434,Pooja Shah,pooja.shah434@example.com,Mumbai,2023-12-23
435,Prem Desai,prem.desai435@example.com,Pune,2023-07-19
436,Amit Mehta,amit.mehta436@example.com,Bangalore,2022-10-01
437,Pooja Joshi,pooja.joshi437@example.com,Surat,2024-03-08
438,Ankit Patel,ankit.patel438@example.com,Mumbai,2021-11-15
439,Kerav Iyer,kerav.iyer439@example.com,Mumbai,2024-10-12
440,Kaushik Singh,kaushik.singh440@example.com,Pune,2024-09-17
441,Rohit Gupta,rohit.gupta441@example.com,Ahmedabad,2023-06-25
442,Rohit Singh,rohit.singh442@example.com,Delhi,2023-11-16
443,Kaushik Joshi,kaushik.joshi443@example.com,Pune,2021-08-16
444,Vaibhav Iyer,vaibhav.iyer444@example.com,Pune,2023-12-16
445,Rahul Singh,rahul.singh445@example.com,Mumbai,2022-03-28
446,Rohit Iyer,rohit.iyer446@example.com,Mumbai,2021-01-16
447,Prem Singh,prem.singh447@example.com,Delhi,2021-10-09
448,Sneha Singh,sneha.singh448@example.com,Bangalore,2022-11-03
449,Kaushik Shah,kaushik.shah449@example.com,Pune,2023-06-01
450,Kerav Mehta,kerav.mehta450@example.com,Pune,2023-12-27
451,Pooja Verma,pooja.verma451@example.com,Ahmedabad,2024-02-19
452,Karan Joshi,karan.joshi452@example.com,Mumbai,2023-03-25
453,Karan Shah,karan.shah453@example.com,Pune,2021-02-08
454,Neha Patel,neha.patel454@example.com,Surat,2022-10-04
455,Ankit Desai,ankit.desai455@example.com,Ahmedabad,2023-04-09
456,Pooja Desai,pooja.desai456@example.com,Bangalore,2021-08-24
457,Rohit Shah,rohit.shah457@example.com,Bangalore,2021-12-18
458,Sneha Iyer,sneha.iyer458@example.com,Pune,2024-11-13
459,Nikita Joshi,nikita.joshi459@example.com,Mumbai,2023-06-14
460,Karan Patel,karan.patel460@example.com,Delhi,2023-06-12
461,Ankit Desai,ankit.desai461@example.com,Ahmedabad,2021-06-11
462,Rohit Singh,rohit.singh462@example.com,Rajkot,2022-11-27
463,Prem Joshi,prem.joshi463@example.com,Surat,2021-12-11
464,Kaushik Malhotra,kaushik.malhotra464@example.com,Rajkot,2021-08-22
465,Priya Malhotra,priya.malhotra465@example.com,Delhi,2022-12-17
466,Amit Mehta,amit.mehta466@example.com,Delhi,2021-07-30
467,Kerav Singh,kerav.singh467@example.com,Delhi,2021-12-22
468,Ankit Mehta,ankit.mehta468@example.com,Surat,2024-09-04
469,Kaushik Mehta,kaushik.mehta469@example.com,Surat,2024-07-10
470,Neha Gupta,neha.gupta470@example.com,Surat,2024-02-29
471,Sneha Iyer,sneha.iyer471@example.com,Pune,2024-10-26
472,Nikita Iyer,nikita.iyer472@example.com,Rajkot,2024-07-25
473,Ankit Joshi,ankit.joshi473@example.com,Surat,2024-07-08
474,Amit Mehta,amit.mehta474@example.com,Pune,2021-05-20
475,Neha Gupta,neha.gupta475@example.com,Rajkot,2022-09-13
476,Sneha Singh,sneha.singh476@example.com,Ahmedabad,2021-04-26
477,Amit Malhotra,amit.malhotra477@example.com,Mumbai,2022-09-28
478,Neha Gupta,neha.gupta478@example.com,Mumbai,2021-04-27
479,Amit Singh,amit.singh479@example.com,Mumbai,2024-08-13
480,Karan Patel,karan.patel480@example.com,Ahmedabad,2024-05-01
481,Priya Desai,priya.desai481@example.com,Pune,2024-04-03
482,Priya Shah,priya.shah482@example.com,Pune,2024-03-16
483,Rahul Verma,rahul.verma483@example.com,Bangalore,2024-05-24
484,Neha Malhotra,neha.malhotra484@example.com,Delhi,2021-05-07
485,Neha Patel,neha.patel485@example.com,Surat,2022-12-05
486,Pooja Patel,pooja.patel486@example.com,Ahmedabad,2024-08-16
487,Kerav Shah,kerav.shah487@example.com,Delhi,2024-12-20
488,Neha Gupta,neha.gupta488@example.com,Ahmedabad,2023-12-07
489,Ankit Mehta,ankit.mehta489@example.com,Bangalore,2023-02-03
490,Nikita Singh,nikita.singh490@example.com,Pune,2023-04-18
491,Sneha Joshi,sneha.joshi491@example.com,Rajkot,2024-05-09
492,Parth Joshi,parth.joshi492@example.com,Mumbai,2022-11-07
493,Kaushik Malhotra,kaushik.malhotra493@example.com,Rajkot,2023-03-03
494,Vaibhav Singh,vaibhav.singh494@example.com,Rajkot,2024-09-06
495,Nikita Iyer,nikita.iyer495@example.com,Surat,2021-11-04
496,Amit Patel,amit.patel496@example.com,Ahmedabad,2024-09-21
497,Kerav Joshi,kerav.joshi497@example.com,Bangalore,2024-09-05
498,Pooja Desai,pooja.desai498@example.com,Delhi,2024-05-03
499,Pooja Patel,pooja.patel499@example.com,Bangalore,2024-02-19
500,Rohit Joshi,rohit.joshi500@example.com,Surat,2021-09-19
501,Rahul Malhotra,rahul.malhotra501@example.com,Mumbai,2024-08-16
502,Rahul Desai,rahul.desai502@example.com,Ahmedabad,2023-01-12
503,Parth Joshi,parth.joshi503@example.com,Bangalore,2022-01-05
504,Prem Joshi,prem.joshi504@example.com,Surat,2023-09-23
505,Prem Verma,prem.verma505@example.com,Delhi,2021-11-14
506,Kaushik Singh,kaushik.singh506@example.com,Surat,2021-07-27
507,Priya Malhotra,priya.malhotra507@example.com,Surat,2023-12-15
508,Parth Joshi,parth.joshi508@example.com,Surat,2024-06-19
509,Kerav Iyer,kerav.iyer509@example.com,Pune,2021-11-12
510,Kerav Mehta,kerav.mehta510@example.com,Surat,2024-11-19
511,Sneha Iyer,sneha.iyer511@example.com,Surat,2021-12-06
512,Pooja Gupta,pooja.gupta512@example.com,Mumbai,2023-04-22
513,Amit Verma,amit.verma513@example.com,Pune,2024-06-04
514,Vaibhav Gupta,vaibhav.gupta514@example.com,Delhi,2023-12-30
515,Prem Singh,prem.singh515@example.com,Surat,2023-08-19
516,Nikita Verma,nikita.verma516@example.com,Bangalore,2024-10-21
517,Ankit Gupta,ankit.gupta517@example.com,Pune,2022-08-01
518,Sneha Desai,sneha.desai518@example.com,Ahmedabad,2023-12-17
519,Rohit Mehta,rohit.mehta519@example.com,Surat,2022-02-13
520,Sneha Iyer,sneha.iyer520@example.com,Delhi,2022-05-28
521,Parth Gupta,parth.gupta521@example.com,Surat,2023-01-31
522,Priya Patel,priya.patel522@example.com,Rajkot,2023-11-23
523,Karan Patel,karan.patel523@example.com,Bangalore,2021-06-21
524,Sneha Mehta,sneha.mehta524@example.com,Bangalore,2023-07-10
525,Nikita Malhotra,nikita.malhotra525@example.com,Delhi,2023-06-15
526,Kaushik Verma,kaushik.verma526@example.com,Surat,2023-07-13
527,Nikita Joshi,nikita.joshi527@example.com,Mumbai,2023-04-30
528,Parth Desai,parth.desai528@example.com,Ahmedabad,2023-02-05
529,Prem Desai,prem.desai529@example.com,Mumbai,2023-02-07
530,Prem Shah,prem.shah530@example.com,Bangalore,2021-07-22
531,Karan Joshi,karan.joshi531@example.com,Surat,2021-10-27
532,Kerav Shah,kerav.shah532@example.com,Bangalore,2023-08-26
533,Pooja Mehta,pooja.mehta533@example.com,Surat,2024-12-15
534,Neha Gupta,neha.gupta534@example.com,Ahmedabad,2021-01-11
535,Nikita Patel,nikita.patel535@example.com,Mumbai,2022-06-09
536,Prem Mehta,prem.mehta536@example.com,Ahmedabad,2024-05-31
537,Priya Desai,priya.desai537@example.com,Mumbai,2022-08-14
538,Prem Singh,prem.singh538@example.com,Mumbai,2021-04-08
539,Prem Desai,prem.desai539@example.com,Rajkot,2024-06-29
540,Neha Patel,neha.patel540@example.com,Mumbai,2023-10-21
541,Ankit Malhotra,ankit.malhotra541@example.com,Mumbai,2024-07-18
542,Priya Iyer,priya.iyer542@example.com,Delhi,2021-10-22
543,Vaibhav Desai,vaibhav.desai543@example.com,Mumbai,2024-06-13
544,Amit Verma,amit.verma544@example.com,Ahmedabad,2023-05-04
545,Kerav Patel,kerav.patel545@example.com,Ahmedabad,2023-01-09
546,Kaushik Malhotra,kaushik.malhotra546@example.com,Ahmedabad,2023-11-06
547,Sneha Malhotra,sneha.malhotra547@example.com,Ahmedabad,2021-02-11
548,Rohit Gupta,rohit.gupta548@example.com,Mumbai,2024-07-25
549,Rohit Joshi,rohit.joshi549@example.com,Bangalore,2021-02-03
550,Amit Patel,amit.patel550@example.com,Bangalore,2022-05-09
551,Pooja Patel,pooja.patel551@example.com,Surat,2024-04-06
552,Pooja Joshi,pooja.joshi552@example.com,Delhi,2021-04-01
553,Amit Malhotra,amit.malhotra553@example.com,Bangalore,2024-08-09
554,Kerav Gupta,kerav.gupta554@example.com,Rajkot,2023-09-08
555,Rahul Mehta,rahul.mehta555@example.com,Surat,2021-10-04
556,Kaushik Gupta,kaushik.gupta556@example.com,Mumbai,2022-08-24
557,Prem Shah,prem.shah557@example.com,Surat,2022-02-13
558,Nikita Shah,nikita.shah558@example.com,Bangalore,2022-09-28
559,Priya Desai,priya.desai559@example.com,Surat,2024-01-18
560,Neha Singh,neha.singh560@example.com,Mumbai,2024-08-17
561,Prem Singh,prem.singh561@example.com,Bangalore,2021-04-08
562,Karan Joshi,karan.joshi562@example.com,Bangalore,2021-09-12
563,Sneha Joshi,sneha.joshi563@example.com,Pune,2023-03-31
564,Pooja Gupta,pooja.gupta564@example.com,Pune,2022-11-26
565,Kerav Gupta,kerav.gupta565@example.com,Rajkot,2023-10-16
566,Amit Malhotra,amit.malhotra566@example.com,Bangalore,2021-06-19
567,Pooja Desai,pooja.desai567@example.com,Mumbai,2023-06-01
568,Ankit Mehta,ankit.mehta568@example.com,Ahmedabad,2022-08-25
569,Amit Patel,amit.patel569@example.com,Mumbai,2022-11-03
570,Rahul Singh,rahul.singh570@example.com,Bangalore,2023-07-03
571,Ankit Desai,ankit.desai571@example.com,Delhi,2024-11-13
572,Neha Joshi,neha.joshi572@example.com,Pune,2021-03-28
573,Pooja Joshi,pooja.joshi573@example.com,Ahmedabad,2023-06-10
574,Vaibhav Shah,vaibhav.shah574@example.com,Mumbai,2024-10-06
575,Rahul Desai,rahul.desai575@example.com,Bangalore,2023-11-17
576,Sneha Mehta,sneha.mehta576@example.com,Mumbai,2021-10-20
577,Karan Iyer,karan.iyer577@example.com,Rajkot,2023-06-17
578,Parth Mehta,parth.mehta578@example.com,Mumbai,2022-04-29
579,Sneha Joshi,sneha.joshi579@example.com,Bangalore,2023-02-24
580,Ankit Shah,ankit.shah580@example.com,Ahmedabad,2021-11-11
581,Rahul Gupta,rahul.gupta581@example.com,Bangalore,2023-02-01
582,Neha Patel,neha.patel582@example.com,Ahmedabad,2021-10-09
583,Priya Joshi,priya.joshi583@example.com,Pune,2022-10-06
584,Rahul Singh,rahul.singh584@example.com,Delhi,2021-08-21
585,Parth Mehta,parth.mehta585@example.com,Pune,2023-11-27
586,Rohit Malhotra,rohit.malhotra586@example.com,Mumbai,2022-06-21
587,Sneha Singh,sneha.singh587@example.com,Rajkot,2023-07-03
588,Prem Iyer,prem.iyer588@example.com,Bangalore,2024-11-22
589,Nikita Gupta,nikita.gupta589@example.com,Delhi,2021-09-09
590,Kerav Patel,kerav.patel590@example.com,Pune,2021-12-20
591,Nikita Gupta,nikita.gupta591@example.com,Mumbai,2024-10-28
592,Karan Joshi,karan.joshi592@example.com,Rajkot,2022-12-13
593,Pooja Patel,pooja.patel593@example.com,Ahmedabad,2024-01-16
594,Vaibhav Singh,vaibhav.singh594@example.com,Surat,2021-11-19
595,Pooja Mehta,pooja.mehta595@example.com,Surat,2023-01-11
596,Priya Verma,priya.verma596@example.com,Mumbai,2022-02-16
597,Sneha Mehta,sneha.mehta597@example.com,Delhi,2023-10-09
598,Parth Joshi,parth.joshi598@example.com,Ahmedabad,2024-03-18
599,Amit Gupta,amit.gupta599@example.com,Surat,2024-02-04
600,Kerav Iyer,kerav.iyer600@example.com,Mumbai,2021-05-15
601,Vaibhav Desai,vaibhav.desai601@example.com,Rajkot,2023-09-08
602,Priya Desai,priya.desai602@example.com,Surat,2023-04-19
603,Karan Iyer,karan.iyer603@example.com,Mumbai,2021-09-14
604,Amit Patel,amit.patel604@example.com,Pune,2023-08-13
605,Rahul Malhotra,rahul.malhotra605@example.com,Bangalore,2021-09-20
606,Nikita Malhotra,nikita.malhotra606@example.com,Rajkot,2024-04-18
607,Kerav Mehta,kerav.mehta607@example.com,Pune,2023-10-27
608,Nikita Shah,nikita.shah608@example.com,Surat,2021-09-12
609,Priya Mehta,priya.mehta609@example.com,Bangalore,2021-12-04
610,Kerav Joshi,kerav.joshi610@example.com,Rajkot,2022-04-07
611,Amit Malhotra,amit.malhotra611@example.com,Bangalore,2021-06-11
612,Vaibhav Verma,vaibhav.verma612@example.com,Rajkot,2024-02-03
613,Vaibhav Mehta,vaibhav.mehta613@example.com,Rajkot,2022-09-13
614,Ankit Malhotra,ankit.malhotra614@example.com,Mumbai,2023-10-27
615,Rahul Mehta,rahul.mehta615@example.com,Ahmedabad,2024-04-04
616,Kerav Mehta,kerav.mehta616@example.com,Rajkot,2024-07-02
617,Pooja Iyer,pooja.iyer617@example.com,Bangalore,2024-02-29
618,Parth Shah,parth.shah618@example.com,Mumbai,2021-04-04
619,Rahul Iyer,rahul.iyer619@example.com,Bangalore,2024-08-26
620,Prem Iyer,prem.iyer620@example.com,Pune,2024-06-19
621,Rahul Shah,rahul.shah621@example.com,Pune,2024-07-08
622,Priya Singh,priya.singh622@example.com,Rajkot,2022-09-11
623,Neha Verma,neha.verma623@example.com,Surat,2024-11-03
624,Rohit Singh,rohit.singh624@example.com,Pune,2021-05-30
625,Pooja Shah,pooja.shah625@example.com,Delhi,2023-06-20
626,Rohit Gupta,rohit.gupta626@example.com,Pune,2022-02-22
627,Amit Iyer,amit.iyer627@example.com,Delhi,2022-10-03
628,Karan Joshi,karan.joshi628@example.com,Rajkot,2022-12-09
629,Rohit Mehta,rohit.mehta629@example.com,Surat,2023-01-29
630,Priya Malhotra,priya.malhotra630@example.com,Mumbai,2022-10-16
631,Prem Gupta,prem.gupta631@example.com,Mumbai,2022-07-02
632,Neha Verma,neha.verma632@example.com,Delhi,2021-07-18
633,Parth Singh,parth.singh633@example.com,Pune,2024-06-14
634,Rohit Verma,rohit.verma634@example.com,Surat,2021-11-24
635,Karan Joshi,karan.joshi635@example.com,Ahmedabad,2022-10-03
636,Prem Mehta,prem.mehta636@example.com,Pune,2023-11-21
637,Neha Gupta,neha.gupta637@example.com,Bangalore,2023-10-16
638,Parth Patel,parth.patel638@example.com,Pune,2023-11-02
639,Neha Verma,neha.verma639@example.com,Delhi,2024-04-09
640,Amit Shah,amit.shah640@example.com,Mumbai,2022-07-31
641,Neha Iyer,neha.iyer641@example.com,Surat,2024-09-01
642,Rahul Gupta,rahul.gupta642@example.com,Bangalore,2024-01-05
643,Parth Patel,parth.patel643@example.com,Pune,2021-10-02
644,Nikita Singh,nikita.singh644@example.com,Rajkot,2023-01-20
645,Sneha Desai,sneha.desai645@example.com,Bangalore,2021-04-03
646,Rohit Shah,rohit.shah646@example.com,Ahmedabad,2024-02-25
647,Prem Joshi,prem.joshi647@example.com,Ahmedabad,2022-08-15
648,Kaushik Desai,kaushik.desai648@example.com,Ahmedabad,2023-07-12
649,Sneha Malhotra,sneha.malhotra649@example.com,Bangalore,2024-06-30
650,Rahul Iyer,rahul.iyer650@example.com,Mumbai,2021-09-21
651,Kaushik Desai,kaushik.desai651@example.com,Bangalore,2022-11-26
652,Priya Joshi,priya.joshi652@example.com,Surat,2021-10-23
653,Prem Iyer,prem.iyer653@example.com,Ahmedabad,2023-04-03
654,Priya Shah,priya.shah654@example.com,Mumbai,2021-03-21
655,Kerav Joshi,kerav.joshi655@example.com,Surat,2023-08-29
656,Priya Gupta,priya.gupta656@example.com,Delhi,2024-05-26
657,Nikita Malhotra,nikita.malhotra657@example.com,Delhi,2022-11-03
658,Nikita Iyer,nikita.iyer658@example.com,Bangalore,2021-11-29
659,Rohit Iyer,rohit.iyer659@example.com,Rajkot,2022-09-05
660,Ankit Joshi,ankit.joshi660@example.com,Ahmedabad,2023-11-10
661,Priya Gupta,priya.gupta661@example.com,Rajkot,2024-02-27
662,Vaibhav Gupta,vaibhav.gupta662@example.com,Surat,2021-02-04
663,Amit Joshi,amit.joshi663@example.com,Rajkot,2021-08-13
664,Rohit Iyer,rohit.iyer664@example.com,Bangalore,2024-11-10
665,Rahul Shah,rahul.shah665@example.com,Ahmedabad,2023-08-30
666,Vaibhav Iyer,vaibhav.iyer666@example.com,Ahmedabad,2022-04-12
667,Pooja Shah,pooja.shah667@example.com,Ahmedabad,2023-09-11
668,Kerav Malhotra,kerav.malhotra668@example.com,Rajkot,2024-06-23
669,Sneha Desai,sneha.desai669@example.com,Delhi,2024-10-26
670,Prem Shah,prem.shah670@example.com,Ahmedabad,2024-12-05
671,Kaushik Verma,kaushik.verma671@example.com,Mumbai,2023-06-23
672,Amit Desai,amit.desai672@example.com,Delhi,2023-04-26
673,Pooja Verma,pooja.verma673@example.com,Pune,2023-10-25
674,Sneha Iyer,sneha.iyer674@example.com,Pune,2021-05-08
675,Pooja Mehta,pooja.mehta675@example.com,Ahmedabad,2022-03-01
676,Priya Joshi,priya.joshi676@example.com,Rajkot,2023-09-07
677,Priya Desai,priya.desai677@example.com,Bangalore,2021-12-21
678,Neha Malhotra,neha.malhotra678@example.com,Bangalore,2024-01-24
679,Amit Singh,amit.singh679@example.com,Ahmedabad,2023-09-19
680,Prem Verma,prem.verma680@example.com,Bangalore,2024-02-17
681,Vaibhav Verma,vaibhav.verma681@example.com,Bangalore,2022-08-15
682,Pooja Verma,pooja.verma682@example.com,Rajkot,2024-12-14
683,Neha Joshi,neha.joshi683@example.com,Pune,2022-12-16
684,Priya Singh,priya.singh684@example.com,Bangalore,2021-09-07
685,Ankit Malhotra,ankit.malhotra685@example.com,Pune,2023-03-20
686,Karan Joshi,karan.joshi686@example.com,Surat,2021-10-27
687,Vaibhav Shah,vaibhav.shah687@example.com,Bangalore,2021-06-11
688,Amit Gupta,amit.gupta688@example.com,Rajkot,2022-06-10
689,Pooja Gupta,pooja.gupta689@example.com,Delhi,2022-02-18
690,Karan Malhotra,karan.malhotra690@example.com,Bangalore,2024-02-26
691,Pooja Singh,pooja.singh691@example.com,Delhi,2021-08-12
692,Ankit Iyer,ankit.iyer692@example.com,Delhi,2022-05-12
693,Parth Malhotra,parth.malhotra693@example.com,Delhi,2024-07-30
694,Prem Shah,prem.shah694@example.com,Mumbai,2023-04-27
695,Amit Gupta,amit.gupta695@example.com,Mumbai,2024-10-27
696,Sneha Mehta,sneha.mehta696@example.com,Mumbai,2024-02-02
697,Nikita Mehta,nikita.mehta697@example.com,Pune,2024-08-30
698,Nikita Gupta,nikita.gupta698@example.com,Pune,2024-08-25
699,Prem Singh,prem.singh699@example.com,Bangalore,2022-08-08
700,Rahul Shah,rahul.shah700@example.com,Surat,2021-07-03
701,Rahul Iyer,rahul.iyer701@example.com,Delhi,2024-01-01
702,Pooja Shah,pooja.shah702@example.com,Delhi,2023-05-06
703,Nikita Mehta,nikita.mehta703@example.com,Mumbai,2023-03-25
704,Sneha Gupta,sneha.gupta704@example.com,Delhi,2022-08-16
705,Nikita Shah,nikita.shah705@example.com,Mumbai,2022-09-04
706,Ankit Iyer,ankit.iyer706@example.com,Mumbai,2022-11-18
707,Vaibhav Gupta,vaibhav.gupta707@example.com,Rajkot,2024-01-18
708,Priya Gupta,priya.gupta708@example.com,Delhi,2023-10-30
709,Neha Singh,neha.singh709@example.com,Delhi,2021-08-19
710,Amit Mehta,amit.mehta710@example.com,Rajkot,2023-07-29
711,Rahul Singh,rahul.singh711@example.com,Rajkot,2022-01-17
712,Parth Joshi,parth.joshi712@example.com,Surat,2022-08-28
713,Ankit Verma,ankit.verma713@example.com,Delhi,2024-06-05
714,Karan Desai,karan.desai714@example.com,Surat,2023-05-26
715,Priya Joshi,priya.joshi715@example.com,Mumbai,2023-04-01
716,Rahul Patel,rahul.patel716@example.com,Delhi,2021-10-15
717,Neha Joshi,neha.joshi717@example.com,Delhi,2021-01-14
718,Vaibhav Desai,vaibhav.desai718@example.com,Delhi,2023-07-04
719,Sneha Singh,sneha.singh719@example.com,Bangalore,2022-09-11
720,Ankit Iyer,ankit.iyer720@example.com,Mumbai,2022-06-20
721,Rahul Joshi,rahul.joshi721@example.com,Rajkot,2022-04-29
722,Parth Patel,parth.patel722@example.com,Pune,2022-09-21
723,Kerav Desai,kerav.desai723@example.com,Rajkot,2023-10-27
724,Nikita Singh,nikita.singh724@example.com,Rajkot,2021-08-29
725,Rahul Singh,rahul.singh725@example.com,Bangalore,2024-06-12
726,Prem Verma,prem.verma726@example.com,Delhi,2023-09-07
727,Kerav Gupta,kerav.gupta727@example.com,Rajkot,2024-05-25
728,Amit Desai,amit.desai728@example.com,Rajkot,2024-01-30
729,Nikita Gupta,nikita.gupta729@example.com,Surat,2024-01-06
730,Sneha Verma,sneha.verma730@example.com,Surat,2022-05-22
731,Rahul Iyer,rahul.iyer731@example.com,Surat,2021-06-17
732,Priya Gupta,priya.gupta732@example.com,Ahmedabad,2024-12-12
733,Amit Patel,amit.patel733@example.com,Ahmedabad,2021-08-18
734,Parth Malhotra,parth.malhotra734@example.com,Ahmedabad,2022-02-19
735,Ankit Malhotra,ankit.malhotra735@example.com,Delhi,2021-12-03
736,Amit Malhotra,amit.malhotra736@example.com,Pune,2021-08-27
737,Rahul Verma,rahul.verma737@example.com,Rajkot,2024-04-09
738,Neha Patel,neha.patel738@example.com,Ahmedabad,2023-07-02
739,Sneha Shah,sneha.shah739@example.com,Pune,2021-09-28
740,Priya Desai,priya.desai740@example.com,Pune,2024-02-29
741,Parth Malhotra,parth.malhotra741@example.com,Pune,2024-10-09
742,Sneha Singh,sneha.singh742@example.com,Rajkot,2021-02-14
743,Rohit Singh,rohit.singh743@example.com,Surat,2021-01-07
744,Pooja Verma,pooja.verma744@example.com,Ahmedabad,2021-05-30
745,Parth Desai,parth.desai745@example.com,Bangalore,2024-12-05
746,Kaushik Malhotra,kaushik.malhotra746@example.com,Mumbai,2021-05-22
747,Nikita Gupta,nikita.gupta747@example.com,Mumbai,2022-08-11
748,Rohit Mehta,rohit.mehta748@example.com,Surat,2021-10-05
749,Sneha Desai,sneha.desai749@example.com,Bangalore,2023-02-23
750,Neha Desai,neha.desai750@example.com,Pune,2021-06-14
751,Rahul Malhotra,rahul.malhotra751@example.com,Delhi,2024-08-31
752,Karan Joshi,karan.joshi752@example.com,Mumbai,2022-01-01
753,Priya Desai,priya.desai753@example.com,Ahmedabad,2021-09-18
754,Pooja Verma,pooja.verma754@example.com,Surat,2021-01-08
755,Sneha Shah,sneha.shah755@example.com,Bangalore,2023-08-07
756,Rahul Malhotra,rahul.malhotra756@example.com,Pune,2023-12-26
757,Rohit Verma,rohit.verma757@example.com,Delhi,2023-08-02
758,Amit Mehta,amit.mehta758@example.com,Bangalore,2022-01-22
759,Nikita Patel,nikita.patel759@example.com,Mumbai,2024-09-14
760,Rohit Iyer,rohit.iyer760@example.com,Surat,2021-02-02
761,Prem Verma,prem.verma761@example.com,Mumbai,2021-07-26
762,Ankit Shah,ankit.shah762@example.com,Pune,2024-05-09
763,Rahul Shah,rahul.shah763@example.com,Delhi,2021-04-01
764,Rohit Gupta,rohit.gupta764@example.com,Delhi,2024-01-11
765,Prem Shah,prem.shah765@example.com,Delhi,2023-10-29
766,Vaibhav Verma,vaibhav.verma766@example.com,Surat,2024-03-25
767,Amit Iyer,amit.iyer767@example.com,Ahmedabad,2024-10-09
768,Karan Joshi,karan.joshi768@example.com,Delhi,2022-09-11
769,Nikita Mehta,nikita.mehta769@example.com,Rajkot,2023-12-04
770,Prem Desai,prem.desai770@example.com,Bangalore,2022-07-18
771,Parth Malhotra,parth.malhotra771@example.com,Ahmedabad,2021-12-25
772,Rahul Desai,rahul.desai772@example.com,Ahmedabad,2023-10-13
773,Parth Joshi,parth.joshi773@example.com,Rajkot,2024-10-06
774,Rohit Malhotra,rohit.malhotra774@example.com,Bangalore,2024-11-27
775,Rohit Desai,rohit.desai775@example.com,Delhi,2022-09-07
776,Rohit Mehta,rohit.mehta776@example.com,Surat,2024-01-07
777,Neha Verma,neha.verma777@example.com,Surat,2022-04-07
778,Vaibhav Mehta,vaibhav.mehta778@example.com,Surat,2023-08-07
779,Nikita Shah,nikita.shah779@example.com,Ahmedabad,2023-04-26
780,Rohit Malhotra,rohit.malhotra780@example.com,Ahmedabad,2021-10-02
781,Rohit Verma,rohit.verma781@example.com,Bangalore,2022-02-21
782,Amit Patel,amit.patel782@example.com,Pune,2023-01-30
783,Kaushik Malhotra,kaushik.malhotra783@example.com,Rajkot,2022-01-26
784,Parth Singh,parth.singh784@example.com,Pune,2024-10-11
785,Ankit Iyer,ankit.iyer785@example.com,Mumbai,2021-05-30
786,Prem Iyer,prem.iyer786@example.com,Rajkot,2024-10-07
787,Priya Verma,priya.verma787@example.com,Pune,2022-03-04
788,Karan Joshi,karan.joshi788@example.com,Bangalore,2021-02-01
789,Prem Verma,prem.verma789@example.com,Rajkot,2021-08-29
790,Pooja Gupta,pooja.gupta790@example.com,Delhi,2024-11-25
791,Ankit Verma,ankit.verma791@example.com,Pune,2022-05-06
792,Priya Joshi,priya.joshi792@example.com,Surat,2022-08-03
793,Rohit Gupta,rohit.gupta793@example.com,Ahmedabad,2024-08-21
794,Amit Singh,amit.singh794@example.com,Bangalore,2023-01-07
795,Priya Gupta,priya.gupta795@example.com,Pune,2021-07-21
796,Sneha Gupta,sneha.gupta796@example.com,Surat,2022-10-18
797,Nikita Verma,nikita.verma797@example.com,Bangalore,2022-10-03
798,Rohit Shah,rohit.shah798@example.com,Ahmedabad,2022-03-30
799,Pooja Mehta,pooja.mehta799@example.com,Mumbai,2022-06-19
800,Priya Iyer,priya.iyer800@example.com,Ahmedabad,2023-05-06
801,Vaibhav Mehta,vaibhav.mehta801@example.com,Delhi,2022-11-07
802,Prem Desai,prem.desai802@example.com,Ahmedabad,2022-05-19
803,Neha Malhotra,neha.malhotra803@example.com,Rajkot,2024-11-03
804,Amit Singh,amit.singh804@example.com,Surat,2023-09-28
805,Pooja Gupta,pooja.gupta805@example.com,Pune,2021-12-11
806,Pooja Joshi,pooja.joshi806@example.com,Delhi,2021-10-14
807,Pooja Malhotra,pooja.malhotra807@example.com,Pune,2022-01-12
808,Nikita Malhotra,nikita.malhotra808@example.com,Rajkot,2021-05-01
809,Priya Shah,priya.shah809@example.com,Surat,2021-06-02
810,Karan Shah,karan.shah810@example.com,Surat,2021-01-14
811,Rohit Mehta,rohit.mehta811@example.com,Surat,2024-07-15
812,Prem Patel,prem.patel812@example.com,Rajkot,2021-11-06
813,Parth Verma,parth.verma813@example.com,Ahmedabad,2023-07-23
814,Amit Shah,amit.shah814@example.com,Ahmedabad,2024-07-30
815,Rahul Iyer,rahul.iyer815@example.com,Pune,2024-09-12
816,Neha Shah,neha.shah816@example.com,Mumbai,2023-12-26
817,Priya Desai,priya.desai817@example.com,Mumbai,2021-02-04
818,Priya Singh,priya.singh818@example.com,Ahmedabad,2022-08-11
819,Parth Malhotra,parth.malhotra819@example.com,Surat,2024-11-30
820,Rahul Desai,rahul.desai820@example.com,Surat,2022-01-03
821,Kaushik Patel,kaushik.patel821@example.com,Ahmedabad,2021-11-01
822,Prem Verma,prem.verma822@example.com,Ahmedabad,2023-12-15
823,Vaibhav Joshi,vaibhav.joshi823@example.com,Bangalore,2023-03-24
824,Kaushik Joshi,kaushik.joshi824@example.com,Pune,2023-07-30
825,Ankit Verma,ankit.verma825@example.com,Rajkot,2022-04-08
826,Vaibhav Patel,vaibhav.patel826@example.com,Rajkot,2024-08-23
827,Sneha Shah,sneha.shah827@example.com,Mumbai,2023-04-11
828,Rohit Desai,rohit.desai828@example.com,Ahmedabad,2023-09-02
829,Parth Shah,parth.shah829@example.com,Rajkot,2021-12-17
830,Kaushik Gupta,kaushik.gupta830@example.com,Surat,2023-06-08
831,Rahul Joshi,rahul.joshi831@example.com,Ahmedabad,2021-07-15
832,Nikita Malhotra,nikita.malhotra832@example.com,Mumbai,2022-04-16
833,Prem Iyer,prem.iyer833@example.com,Pune,2022-07-10
834,Parth Patel,parth.patel834@example.com,Rajkot,2022-07-29
835,Nikita Malhotra,nikita.malhotra835@example.com,Ahmedabad,2024-09-09
836,Parth Mehta,parth.mehta836@example.com,Surat,2022-10-07
837,Parth Verma,parth.verma837@example.com,Ahmedabad,2021-10-23
838,Sneha Desai,sneha.desai838@example.com,Mumbai,2022-09-05
839,Kerav Iyer,kerav.iyer839@example.com,Delhi,2024-03-06
840,Karan Desai,karan.desai840@example.com,Rajkot,2024-01-13
841,Amit Desai,amit.desai841@example.com,Surat,2021-10-14
842,Sneha Patel,sneha.patel842@example.com,Ahmedabad,2022-12-10
843,Parth Patel,parth.patel843@example.com,Pune,2022-04-21
844,Karan Patel,karan.patel844@example.com,Bangalore,2024-05-24
845,Sneha Iyer,sneha.iyer845@example.com,Ahmedabad,2023-03-24
846,Sneha Joshi,sneha.joshi846@example.com,Mumbai,2024-07-22
847,Vaibhav Gupta,vaibhav.gupta847@example.com,Pune,2022-04-13
848,Amit Malhotra,amit.malhotra848@example.com,Pune,2023-06-04
849,Kerav Iyer,kerav.iyer849@example.com,Rajkot,2023-02-18
850,Kaushik Iyer,kaushik.iyer850@example.com,Bangalore,2022-05-20
851,Pooja Patel,pooja.patel851@example.com,Mumbai,2022-07-03
852,Kerav Desai,kerav.desai852@example.com,Rajkot,2024-07-22
853,Kerav Desai,kerav.desai853@example.com,Bangalore,2023-01-09
854,Kaushik Patel,kaushik.patel854@example.com,Mumbai,2022-09-24
855,Neha Joshi,neha.joshi855@example.com,Surat,2022-07-07
856,Kaushik Mehta,kaushik.mehta856@example.com,Mumbai,2022-01-19
857,Rohit Gupta,rohit.gupta857@example.com,Ahmedabad,2024-02-11
858,Priya Desai,priya.desai858@example.com,Mumbai,2021-02-23
859,Kaushik Joshi,kaushik.joshi859@example.com,Ahmedabad,2021-07-10
860,Ankit Iyer,ankit.iyer860@example.com,Surat,2022-10-27
861,Karan Desai,karan.desai861@example.com,Mumbai,2022-08-21
862,Rohit Desai,rohit.desai862@example.com,Surat,2021-06-23
863,Pooja Malhotra,pooja.malhotra863@example.com,Delhi,2024-03-17
864,Priya Mehta,priya.mehta864@example.com,Rajkot,2023-02-19
865,Kerav Mehta,kerav.mehta865@example.com,Bangalore,2022-09-09
866,Vaibhav Gupta,vaibhav.gupta866@example.com,Delhi,2021-05-10
867,Kerav Desai,kerav.desai867@example.com,Bangalore,2023-05-13
868,Vaibhav Gupta,vaibhav.gupta868@example.com,Surat,2021-06-07
869,Amit Singh,amit.singh869@example.com,Delhi,2024-07-04
870,Neha Iyer,neha.iyer870@example.com,Ahmedabad,2022-02-05
871,Neha Patel,neha.patel871@example.com,Delhi,2022-09-16
872,Parth Desai,parth.desai872@example.com,Bangalore,2024-06-24
873,Rohit Joshi,rohit.joshi873@example.com,Pune,2022-11-17
874,Rohit Iyer,rohit.iyer874@example.com,Delhi,2022-09-08
875,Amit Iyer,amit.iyer875@example.com,Rajkot,2022-02-16
876,Neha Joshi,neha.joshi876@example.com,Delhi,2023-03-27
877,Amit Singh,amit.singh877@example.com,Rajkot,2024-11-24
878,Rahul Gupta,rahul.gupta878@example.com,Ahmedabad,2022-05-12
879,Amit Desai,amit.desai879@example.com,Bangalore,2023-03-16
880,Amit Patel,amit.patel880@example.com,Ahmedabad,2022-02-14
881,Ankit Malhotra,ankit.malhotra881@example.com,Delhi,2024-10-28
882,Sneha Malhotra,sneha.malhotra882@example.com,Mumbai,2023-08-04
883,Pooja Verma,pooja.verma883@example.com,Pune,2022-08-20
884,Karan Patel,karan.patel884@example.com,Surat,2023-04-18
885,Rahul Gupta,rahul.gupta885@example.com,Delhi,2024-07-21
886,Vaibhav Verma,vaibhav.verma886@example.com,Bangalore,2024-09-10
887,Kerav Desai,kerav.desai887@example.com,Surat,2023-02-12
888,Kaushik Gupta,kaushik.gupta888@example.com,Ahmedabad,2023-09-09
889,Ankit Desai,ankit.desai889@example.com,Ahmedabad,2023-11-04
890,Nikita Desai,nikita.desai890@example.com,Ahmedabad,2021-03-17
891,Sneha Joshi,sneha.joshi891@example.com,Rajkot,2024-01-05
892,Ankit Patel,ankit.patel892@example.com,Mumbai,2022-05-24
893,Rahul Joshi,rahul.joshi893@example.com,Delhi,2024-08-18
894,Ankit Shah,ankit.shah894@example.com,Ahmedabad,2024-08-14
895,Rahul Desai,rahul.desai895@example.com,Surat,2022-11-11
896,Sneha Desai,sneha.desai896@example.com,Mumbai,2021-01-22
897,Kaushik Singh,kaushik.singh897@example.com,Delhi,2023-11-12
898,Pooja Malhotra,pooja.malhotra898@example.com,Ahmedabad,2024-04-03
899,Pooja Iyer,pooja.iyer899@example.com,Delhi,2023-07-02
900,Amit Desai,amit.desai900@example.com,Pune,2024-10-23
901,Ankit Malhotra,ankit.malhotra901@example.com,Delhi,2022-12-08
902,Parth Gupta,parth.gupta902@example.com,Mumbai,2022-08-29
903,Rohit Patel,rohit.patel903@example.com,Mumbai,2021-10-18
904,Amit Singh,amit.singh904@example.com,Bangalore,2023-07-22
905,Sneha Verma,sneha.verma905@example.com,Ahmedabad,2023-09-17
906,Amit Gupta,amit.gupta906@example.com,Mumbai,2023-06-17
907,Pooja Gupta,pooja.gupta907@example.com,Bangalore,2021-05-18
908,Vaibhav Shah,vaibhav.shah908@example.com,Surat,2024-12-26
909,Kaushik Shah,kaushik.shah909@example.com,Surat,2022-12-04
910,Rahul Patel,rahul.patel910@example.com,Rajkot,2021-12-03
911,Nikita Verma,nikita.verma911@example.com,Ahmedabad,2021-12-24
912,Priya Mehta,priya.mehta912@example.com,Bangalore,2024-02-21
913,Rohit Gupta,rohit.gupta913@example.com,Delhi,2023-04-10
914,Rahul Mehta,rahul.mehta914@example.com,Delhi,2024-08-04
915,Rahul Desai,rahul.desai915@example.com,Pune,2021-03-01
916,Pooja Iyer,pooja.iyer916@example.com,Delhi,2023-07-10
917,Ankit Desai,ankit.desai917@example.com,Pune,2021-01-10
918,Pooja Verma,pooja.verma918@example.com,Delhi,2022-07-25
919,Sneha Patel,sneha.patel919@example.com,Ahmedabad,2021-07-28
920,Sneha Malhotra,sneha.malhotra920@example.com,Delhi,2023-01-20
921,Amit Verma,amit.verma921@example.com,Pune,2021-08-22
922,Vaibhav Gupta,vaibhav.gupta922@example.com,Ahmedabad,2024-08-01
923,Amit Iyer,amit.iyer923@example.com,Pune,2024-06-05
924,Rohit Iyer,rohit.iyer924@example.com,Mumbai,2022-12-14
925,Amit Gupta,amit.gupta925@example.com,Ahmedabad,2021-12-20
926,Karan Singh,karan.singh926@example.com,Ahmedabad,2024-04-23
927,Kaushik Mehta,kaushik.mehta927@example.com,Bangalore,2021-08-30
928,Prem Singh,prem.singh928@example.com,Mumbai,2022-01-10
929,Amit Mehta,amit.mehta929@example.com,Ahmedabad,2023-03-07
930,Rohit Iyer,rohit.iyer930@example.com,Delhi,2024-03-23
931,Rohit Desai,rohit.desai931@example.com,Delhi,2023-09-24
932,Rahul Malhotra,rahul.malhotra932@example.com,Rajkot,2024-08-14
933,Nikita Mehta,nikita.mehta933@example.com,Ahmedabad,2021-12-08
934,Neha Singh,neha.singh934@example.com,Delhi,2022-01-19
935,Amit Gupta,amit.gupta935@example.com,Ahmedabad,2021-04-20
936,Karan Joshi,karan.joshi936@example.com,Mumbai,2023-09-20
937,Kerav Verma,kerav.verma937@example.com,Surat,2023-02-26
938,Priya Malhotra,priya.malhotra938@example.com,Rajkot,2023-10-11
939,Rohit Gupta,rohit.gupta939@example.com,Pune,2024-12-25
940,Karan Gupta,karan.gupta940@example.com,Pune,2021-12-09
941,Kaushik Iyer,kaushik.iyer941@example.com,Mumbai,2022-03-28
942,Vaibhav Shah,vaibhav.shah942@example.com,Bangalore,2022-04-06
943,Priya Singh,priya.singh943@example.com,Delhi,2023-07-26
944,Ankit Gupta,ankit.gupta944@example.com,Ahmedabad,2023-11-13
945,Kaushik Iyer,kaushik.iyer945@example.com,Mumbai,2022-07-03
946,Sneha Malhotra,sneha.malhotra946@example.com,Surat,2023-01-22
947,Priya Shah,priya.shah947@example.com,Surat,2023-06-23
948,Priya Verma,priya.verma948@example.com,Pune,2021-07-29
949,Pooja Verma,pooja.verma949@example.com,Bangalore,2021-03-08
950,Neha Singh,neha.singh950@example.com,Bangalore,2021-06-28
951,Neha Patel,neha.patel951@example.com,Surat,2022-05-01
952,Prem Iyer,prem.iyer952@example.com,Rajkot,2022-12-20
953,Karan Iyer,karan.iyer953@example.com,Rajkot,2023-05-27
954,Kerav Iyer,kerav.iyer954@example.com,Delhi,2022-02-28
955,Karan Verma,karan.verma955@example.com,Surat,2021-05-02
956,Ankit Joshi,ankit.joshi956@example.com,Ahmedabad,2022-07-30
957,Ankit Malhotra,ankit.malhotra957@example.com,Delhi,2022-10-25
958,Pooja Singh,pooja.singh958@example.com,Bangalore,2024-03-18
959,Vaibhav Malhotra,vaibhav.malhotra959@example.com,Rajkot,2021-07-15
960,Kerav Desai,kerav.desai960@example.com,Mumbai,2022-07-22
961,Karan Mehta,karan.mehta961@example.com,Rajkot,2021-09-29
962,Prem Mehta,prem.mehta962@example.com,Rajkot,2022-10-22
963,Karan Verma,karan.verma963@example.com,Surat,2024-10-16
964,Rohit Gupta,rohit.gupta964@example.com,Delhi,2024-03-28
965,Rahul Singh,rahul.singh965@example.com,Rajkot,2023-04-29
966,Rohit Gupta,rohit.gupta966@example.com,Mumbai,2024-07-21
967,Sneha Patel,sneha.patel967@example.com,Pune,2023-11-22
968,Pooja Singh,pooja.singh968@example.com,Rajkot,2023-01-26
969,Neha Gupta,neha.gupta969@example.com,Bangalore,2024-04-06
970,Parth Patel,parth.patel970@example.com,Rajkot,2023-07-28
971,Rahul Joshi,rahul.joshi971@example.com,Surat,2021-05-10
972,Sneha Malhotra,sneha.malhotra972@example.com,Pune,2022-03-23
973,Rohit Verma,rohit.verma973@example.com,Pune,2022-07-04
974,Amit Singh,amit.singh974@example.com,Bangalore,2024-01-26
975,Ankit Mehta,ankit.mehta975@example.com,Ahmedabad,2023-09-21
976,Sneha Joshi,sneha.joshi976@example.com,Rajkot,2021-04-10
977,Parth Patel,parth.patel977@example.com,Rajkot,2023-07-31
978,Parth Patel,parth.patel978@example.com,Surat,2021-11-20
979,Neha Gupta,neha.gupta979@example.com,Mumbai,2023-05-27
980,Prem Mehta,prem.mehta980@example.com,Rajkot,2022-09-11
981,Kerav Singh,kerav.singh981@example.com,Mumbai,2024-09-02
982,Amit Singh,amit.singh982@example.com,Mumbai,2023-02-01
983,Rahul Mehta,rahul.mehta983@example.com,Mumbai,2023-03-23
984,Rahul Singh,rahul.singh984@example.com,Rajkot,2024-12-03
985,Sneha Verma,sneha.verma985@example.com,Pune,2024-09-04
986,Kaushik Patel,kaushik.patel986@example.com,Mumbai,2022-03-14
987,Neha Patel,neha.patel987@example.com,Delhi,2024-04-30
988,Prem Malhotra,prem.malhotra988@example.com,Rajkot,2023-07-01
989,Parth Shah,parth.shah989@example.com,Rajkot,2022-12-05
990,Karan Patel,karan.patel990@example.com,Surat,2023-05-15
991,Pooja Mehta,pooja.mehta991@example.com,Pune,2021-05-26
992,Prem Desai,prem.desai992@example.com,Mumbai,2021-07-29
993,Kaushik Joshi,kaushik.joshi993@example.com,Bangalore,2022-09-05
994,Kerav Desai,kerav.desai994@example.com,Surat,2021-09-30
995,Rahul Mehta,rahul.mehta995@example.com,Mumbai,2023-12-23
996,Ankit Shah,ankit.shah996@example.com,Ahmedabad,2024-08-24
997,Kerav Gupta,kerav.gupta997@example.com,Bangalore,2022-03-13
998,Rahul Mehta,rahul.mehta998@example.com,Pune,2024-06-15
999,Rahul Gupta,rahul.gupta999@example.com,Surat,2022-03-21
1000,Kaushik Patel,kaushik.patel1000@example.com,Delhi,2021-09-10
